关键词,页面网址,博主昵称,发布时间,详情链接,博文内容,图片链接,视频链接,转发数,评论数,点赞数,当前时间
比亚迪垃圾,https://s.weibo.com/weibo?q=%E6%AF%94%E4%BA%9A%E8%BF%AA%E5%9E%83%E5%9C%BE,向**,06月07日 18:45,https://weibo.com/3254988854/Pvso2vymW?refer_flag=1001030103_,「平时」：比亚迪车子最垃圾了，性价比低，不如XX。「今天」：就是你比亚迪先搞的价格战，定低价扰乱市场！可笑的是，以上还是同一波人，更可笑的是他们不是无名无姓的数字ID，是实打实，大家每天看在眼里的微博自媒体。小丑形象跃然纸上 ?,,,18,290,1429,2025-06-08 16:43:10.644
比亚迪垃圾,https://s.weibo.com/weibo?q=%E6%AF%94%E4%BA%9A%E8%BF%AA%E5%9E%83%E5%9C%BE,老**,05月29日 01:11,https://weibo.com/5758058173/PtYDMp6LD?refer_flag=1001030103_,【天塌了！车企打响汽车价格战 ，购车需谨慎】车企打响汽车价格战 #比亚迪 #车企降价 #汽车价格战 #吉利 L老高验车的微博视频 ?,http://wx3.sinaimg.cn/orj480/006hGdY1gy1i1vpgzxuxqj30zk0k075i.jpg,"//f.video.weibocdn.com/o0/V2apbIP8lx08oBLWN6ak01041200rUTy0E010.mp4?label=mp4_720p&template=1280x720.25.0&ori=0&ps=1BVp4ysnknHVZu&Expires=1749375776&ssig=INU9GHt90q&KID=unistore,video",1,3,16,2025-06-08 16:43:10.704
比亚迪垃圾,https://s.weibo.com/weibo?q=%E6%AF%94%E4%BA%9A%E8%BF%AA%E5%9E%83%E5%9C%BE,苏**,2023年09月04日 18:29,https://weibo.com/6060068696/NhKP93xHL?refer_flag=1001030103_,比亚迪的电车就是垃圾 充个电都是杂音 L苏老师说车的微博视频 ?,http://wx4.sinaimg.cn/orj480/006C7qHuly1hhkq7bea16j30u01hcna9.jpg,"//f.video.weibocdn.com/o0/dOyHNTFilx088lhpnT2o01041200f51T0E010.mp4?label=mp4_720p&template=720x1280.24.0&ori=0&ps=1BVp4ysnknHVZu&Expires=1749375776&ssig=LGlpB9z78D&KID=unistore,video",6,30,113,2025-06-08 16:43:10.775
比亚迪垃圾,https://s.weibo.com/weibo?q=%E6%AF%94%E4%BA%9A%E8%BF%AA%E5%9E%83%E5%9C%BE,不**,03月23日 15:50,https://weibo.com/1102221854/PjSKWwhIP?refer_flag=1001030103_,小星自爆了！刚刚在一个微信群，他们质疑我说底盘高度影响操控，他们的意思不影响，突然，有几个哥们话锋一转，说垃圾比亚迪就有操控了？我就想不通了，这和比亚迪有啥关系？哦，他们无法据理力争，就想判定我收了比亚迪的钱来黑XX？我当即表示，咱两发个微博，谁收车企的钱，谁全家暴毙，你们猜怎么着？这个逼说他是汽车博主，肯定收钱！哈哈哈，难怪，自己眼中带屎，看啥都是屎。所以你们现在明白了，这类人为什么如此胡说八道了吧！就因为我于技术的公平立场拆穿了这部分所谓的自媒体叫花子。不信你们去看我评论区，不质疑我说的是否正确，一直试图质疑我收钱的，全是这种买车之后靠吹捧又无法输出正面内容的愚蠢主播。 收起d,,,0,22,175,2025-06-08 16:43:11.384
比亚迪垃圾,https://s.weibo.com/weibo?q=%E6%AF%94%E4%BA%9A%E8%BF%AA%E5%9E%83%E5%9C%BE,周**,06月04日 21:45,https://weibo.com/7631770710/Pv1hjfoeO?refer_flag=1001030103_,比亚迪法务威武还顺便帮友商清理垃圾了反观某品牌法务 ?,http://wx3.sinaimg.cn/orj360/008ku8bYgy1i23mut4ai5j30wo0ya4e4.jpg,,0,2,35,2025-06-08 16:43:11.446
比亚迪垃圾,https://s.weibo.com/weibo?q=%E6%AF%94%E4%BA%9A%E8%BF%AA%E5%9E%83%E5%9C%BE,唐**,01月01日 22:16,https://weibo.com/3163693955/P7BFteehX?refer_flag=1001030103_,比亚迪，现在有100w员工。比亚迪，是不是“血汗工厂”？听听干过的怎么说？以下是比亚迪-弗迪电池一线员工的亲身经历。对于比亚迪这家公司，那些直接称其为“垃圾”的是否有些过分？ ?,"http://wx3.sinaimg.cn/thumb150/bc922383gy1hx5mbobgasj20qo2h64qp.jpg
http://wx4.sinaimg.cn/thumb150/bc922383gy1hx5mboy7gij20qo3djqv5.jpg",,11,53,74,2025-06-08 16:43:11.510
比亚迪垃圾,https://s.weibo.com/weibo?q=%E6%AF%94%E4%BA%9A%E8%BF%AA%E5%9E%83%E5%9C%BE,还**,05月28日 09:21,https://weibo.com/7400592858/PtSpYfRfD?refer_flag=1001030103_,鸿蒙智行法务确实…挺垃圾的大病之流更跳了，还吸了一大波流量，官号的通告就像厕纸，至今没有一点实质性作用。大佐骑脸黑，主动上下摇晃表演颠簸，为了拉踩甚至能说出腾势N9增程器之类的话，比亚迪员工看了估计都想骂人。 ?,,,1,30,251,2025-06-08 16:43:11.575
比亚迪垃圾,https://s.weibo.com/weibo?q=%E6%AF%94%E4%BA%9A%E8%BF%AA%E5%9E%83%E5%9C%BE,黑**,04月07日 09:03,https://weibo.com/1288370924/Pm7vvetFg?refer_flag=1001030103_,丢人丢大了！比亚迪的营销部门可以被开除了！甲亢哥开车陷沙地里去，真是反向营销鬼才，你去沙地里玩，都不提前测试的吗？这次甲亢哥深圳直播满屏Lcar（垃圾车的意思）！太丢人！ L黑哥爆料的微博视频 ?,http://wx1.sinaimg.cn/orj480/4ccafaecly1i07yc8cgiyj21940u0tkg.jpg,"//f.video.weibocdn.com/o0/xEaQciwRlx08nhm2FuyI01041200lICg0E010.mp4?label=mp4_720p&template=1080x720.25.0&ori=0&ps=1BVp4ysnknHVZu&Expires=1749375776&ssig=YfX%2Bpt4gn%2F&KID=unistore,video",1,21,75,2025-06-08 16:43:11.638
比亚迪垃圾,https://s.weibo.com/weibo?q=%E6%AF%94%E4%BA%9A%E8%BF%AA%E5%9E%83%E5%9C%BE,发**,2024年11月22日 13:38,https://weibo.com/7615429844/P1tbrxxvk?refer_flag=1001030103_,公司要求垃圾做干湿分离，但最后阿姨会倒在一起收走，有点像贵校学生仔仔细细挑专业但最后被比亚迪统一收购 ?,,,31,20,4203,2025-06-08 16:43:11.704
比亚迪垃圾,https://s.weibo.com/weibo?q=%E6%AF%94%E4%BA%9A%E8%BF%AA%E5%9E%83%E5%9C%BE,潇**,2024年12月14日 10:34,https://weibo.com/3075250124/P4Nnvme7J?refer_flag=1001030103_,比亚迪这个偷油贼，又给我偷了6公里的油，我电量98%，刚一段路是下坡，所以这些油根本就是纯浪费，动能回收也利用不了，比亚迪垃圾水平！ 2深圳・塘朗山郊野公园 ?,,,0,15,22,2025-06-08 16:43:11.770
比亚迪垃圾,https://s.weibo.com/weibo?q=%E6%AF%94%E4%BA%9A%E8%BF%AA%E5%9E%83%E5%9C%BE,轰**,2024年12月28日 07:39,https://weibo.com/7008866503/P6UdLBd8y?refer_flag=1001030103_,啥叫垃圾数据？怎么定义老司机？@小鹏汽车法务部 龙猪赔比亚迪200万，可能2000万，800万，指的是这个？ ?,http://wx3.sinaimg.cn/orj360/007EkulVgy1hx0ai7zh2gj30wr0jfdhu.jpg,,52,14,74,2025-06-08 16:43:11.831
比亚迪垃圾,https://s.weibo.com/weibo?q=%E6%AF%94%E4%BA%9A%E8%BF%AA%E5%9E%83%E5%9C%BE,e**,2024年11月14日 19:44,https://weibo.com/7762168725/P0ia9FhO5?refer_flag=1001030103_,是，比亚迪确实有点土。但你们用得着这样嘲笑吗？什么成绩没出来废了，什么比亚迪瞎搞什么U9丑的一批，什么重量级超跑，这么磷酸铁锂搞跑车就是脑子进水…然后BYD跑出了7分17.9秒，怎么说？这成绩很垃圾吗？请问怎么定义垃圾？你们有没有想过，这玩意儿是BYD自己研发团队搞出的成绩啊，有借助外界赛车工程团队吗？没有任何信息被挖到吧？你们怀疑没有onboard camera视频，今天是不是也有了？有国内品牌用Prodrive来魔改出的原型车，是很快，6分46呢。但全中国团队的7分17秒9，我认为含金量更高。这是一个中国企业用中国人团队第一次挑战绿色地狱，获得了一个非常不错的成绩，难道不值得骄傲吗？不要因为饭圈互撕，把这份属于中国人的荣誉抹去呀。当年本田挑战F1、挑战Moto GP就是为了培养年轻工程师，用胜负就是一切的赛事来磨练他们的斗志和想象力，也不是一帆风顺，甚至可以说是各种碰壁。现在BYD U9也许卖不动，也许不会有更好的成绩，但这过程绝对是值得的，我说的不是情绪价值方面的东西，而是对品牌的积累绝对是有益的。连@徐里里Xll 都不可能不同意我的这个观点。#仰望u9纽北战记##汽场全开# 收起d,"http://wx2.sinaimg.cn/thumb150/008tjgFLgy1hvlzv7bmm1j30u0140dm7.jpg
http://wx4.sinaimg.cn/thumb150/008tjgFLgy1hvlzv652qrj30u0140154.jpg
http://wx4.sinaimg.cn/thumb150/008tjgFLgy1hvlzv7xxmhj30u0140thm.jpg
http://wx3.sinaimg.cn/thumb150/008tjgFLgy1hvlzv8rf6yj30u0140dn7.jpg
http://wx3.sinaimg.cn/thumb150/008tjgFLgy1hvlzv9gzglj30u0140doz.jpg
http://wx3.sinaimg.cn/thumb150/008tjgFLgy1hvlzva8zx3j30u0140dop.jpg
http://wx1.sinaimg.cn/thumb150/008tjgFLgy1hvm03h8lszj30xi20ue3y.jpg",,7,42,45,2025-06-08 16:43:12.423
比亚迪垃圾,https://s.weibo.com/weibo?q=%E6%AF%94%E4%BA%9A%E8%BF%AA%E5%9E%83%E5%9C%BE,搞**,2024年11月06日 23:13,https://weibo.com/1960732503/OF3z73HhJ?refer_flag=1001030103_,哈哈哈哈哈，前几天下楼倒垃圾，发现一个理想的尾标是：理想是开大G，今天又碰到个比亚迪的尾标是：单身汉 ，你还别说，我这个小区有趣的灵魂还挺多 ?,http://wx1.sinaimg.cn/orj360/74de6757gy1hvcxa038byj23402c0x6p.jpg,,2,20,31,2025-06-08 16:43:12.501
比亚迪垃圾,https://s.weibo.com/weibo?q=%E6%AF%94%E4%BA%9A%E8%BF%AA%E5%9E%83%E5%9C%BE,e**,05月23日 11:29,https://weibo.com/6001853980/Pt87in0oZ?refer_flag=1001030103_,一说小米yu7你就说法拉利，一说su7你又说保时捷……原创好的设计＞致敬好的设计＞原创垃圾设计＞致敬垃圾设计＞纯抄袭原创好的设计，比亚迪loong face是典型致敬好的设计，小米是典型原创垃圾设计，不敢提致敬垃圾设计，极越半幅方向盘是典型纯抄袭，众泰SR9是典型#大v聊车##汽车设计##我与汽车的日常# 收起d,"http://wx2.sinaimg.cn/thumb150/006ybaosgy1i1p9m7t44sj30sg0j0jx7.jpg
http://wx3.sinaimg.cn/thumb150/006ybaosgy1i1p9m7ara3j33g02aohdt.jpg
http://wx4.sinaimg.cn/thumb150/006ybaosgy1i1p9m89sffj30sg0j0q5k.jpg
http://wx3.sinaimg.cn/thumb150/006ybaosgy1i1p9m8keexj30sg0j0tc4.jpg",,0,26,98,2025-06-08 16:43:13.080
比亚迪垃圾,https://s.weibo.com/weibo?q=%E6%AF%94%E4%BA%9A%E8%BF%AA%E5%9E%83%E5%9C%BE,**,04月26日 13:47,https://weibo.com/5821048344/Pp2tXiGNE?refer_flag=1001030103_,#网民造谣比亚迪已被行拘#这年头谁还没在网上冲过浪？但记住流量再香也不能玩火。比亚迪这波给所有人划了道红线――网络不是垃圾场，带节奏前先摸摸钱包够不够厚。支持硬核维权，让黑公关们知道：键盘侠的尽头，真的有法庭！ ?,http://wx2.sinaimg.cn/orj360/006lWwAwly1i0u5vrix6oj30xi15utje.jpg,,25,27,141,2025-06-08 16:43:13.151
比亚迪垃圾,https://s.weibo.com/weibo?q=%E6%AF%94%E4%BA%9A%E8%BF%AA%E5%9E%83%E5%9C%BE,只**,今天14:46,https://weibo.com/7466002122/PvAfntBtA?refer_flag=1001030103_,长城汽车董事长姓魏的因车子太垃圾恶意举报比亚迪实在是没有修养！我这辈子也不可能买长城品牌的垃圾车！前年我开了长城魏派垃圾车差一点就在高速路上被大货车追尾，九死一生之后我对长城垃圾车充满不信任！ ?,,,0,0,0,2025-06-08 16:43:13.227
比亚迪垃圾,https://s.weibo.com/weibo?q=%E6%AF%94%E4%BA%9A%E8%BF%AA%E5%9E%83%E5%9C%BE,沙**,今天14:44,https://weibo.com/2686361662/PvAerbtZn?refer_flag=1001030103_,垃圾比亚迪还想走高端 滑天下之大稽//@家里有个小喏喏:看到不只一个仰望车主吐槽了,http://wx2.sinaimg.cn/orj480/006k2Sugly1i26lc6xm5rj30hs0zkdgr.jpg,"//f.video.weibocdn.com/o0/JCvouiuVlx08oQN8mnTa01041204INNt0E020.mp4?label=mp4_720p&template=640x1280.24.0&ori=0&ps=1BVp4ysnknHVZu&Expires=1749375776&ssig=RNILEnqrC2&KID=unistore,video",0,0,0,2025-06-08 16:43:13.306
比亚迪垃圾,https://s.weibo.com/weibo?q=%E6%AF%94%E4%BA%9A%E8%BF%AA%E5%9E%83%E5%9C%BE,洗**,今天14:32,https://weibo.com/2193769580/PvA9Sqrxk?refer_flag=1001030103_,长城的车从来不在考虑范围内，可以看看日常路上跑的老车，除了合资，国产的老车有多少，基本都是廉价的垃圾已被车主淘汰，燃油时代卖的最好的油车是哪些牌子，那又为啥合资老车路上还在开，国产燃油卖的好的老车路上都见不到。吉利这次跳出来可以预见是非常想赶超比亚迪，但又出了新闻不新建厂房扩大生产线，在新能源蓬勃发展之际，自己给自己设限，面对未来市场对自己的技术不自信，显然对自己的技术及储备力量不足持持悲观看法//@通货朋仗:转发微博 收起d,,,0,0,0,2025-06-08 16:43:13.896
比亚迪垃圾,https://s.weibo.com/weibo?q=%E6%AF%94%E4%BA%9A%E8%BF%AA%E5%9E%83%E5%9C%BE,一**,今天14:23,https://weibo.com/6217569302/PvA68sJXa?refer_flag=1001030103_,烂就是烂 还tm怨别人举报 垃圾比亚迪,"http://wx4.sinaimg.cn/thumb150/4e07dcf1ly1i27w9bk4ncj210o1onngs.jpg
http://wx4.sinaimg.cn/thumb150/4e07dcf1ly1i27w9b4drxj210o1ag11e.jpg",,0,0,0,2025-06-08 16:43:14.494
比亚迪垃圾,https://s.weibo.com/weibo?q=%E6%AF%94%E4%BA%9A%E8%BF%AA%E5%9E%83%E5%9C%BE,大**,今天 13:00 转赞人数超过100,https://weibo.com/3706460877/PvqHugTPs?refer_flag=1001030103_,我之前就预料到下半年行业必有混战，但激烈程度还是远超出了我的想象，现在是直接拼刺刀，车企老板互飙垃圾话，感觉回到了十年前的机圈... ?,http://wx4.sinaimg.cn/orj480/dcec1acdgy1i26r2l3ys5j20ys0k00u2.jpg,"//f.video.weibocdn.com/u0/W5UoFv4vgx08oR0EpV2w01041200BZfy0E010.mp4?label=mp4_720p&template=1252x720.25.0&ori=0&ps=1BVp4ysnknHVZu&Expires=1749375776&ssig=GaeSoB3vPf&KID=unistore,video",11,66,166,2025-06-08 16:43:14.563
比亚迪垃圾,https://s.weibo.com/weibo?q=%E6%AF%94%E4%BA%9A%E8%BF%AA%E5%9E%83%E5%9C%BE,财**,今天 07:24 转赞人数超过100,https://weibo.com/6011005289/PvtoWmxHx?refer_flag=1001030103_,A股新能源汽车板块还能投吗？财哥看完重庆车展聊两句。2026年开始我就不投板块了。无论新势力还是老实力，都有些车企利润一直在下滑，原因只有一个，没有护城河的技术，只能用低价抢销量，所以新能源板块基金买一堆不再适合财哥了。我明年开始只选择头部新能源龙头进行投资，也会只找这种基金。比如含有比亚迪（汽车总龙头、磷酸铁锂电池龙头）、宁德时代（三元锂电池龙头）等等。新能源已经从蓝海走向红海了，大家只能选择头部。有些车企虽然庞大，但利润很低，大家要避开，财哥也会进行优胜劣汰，负面垃圾车企我会在港股先融券卖出，跌到低位再买入平仓。市场操作灵活些。新能源不像军工和煤炭，军工和煤炭是垄断行业，行业都是兄弟企业，新能源汽车这个行业大家都互相眼红头部大哥，又想把大哥拉下来，阴招频出，实在很糟糕，希望强势车企把这些无能狂怒车企全都淘汰掉，早日让汽车产业回归技术为王的研发只追赶风清气正的行业。 收起d,"http://wx4.sinaimg.cn/orj360/008Ip5Xtly1i24mbi7ppyg308c04px2e.jpg
http://wx4.sinaimg.cn/orj360/008Ip5Xtly1i24mbi7ppyg308c04px2e.jpg",,0,1,142,2025-06-08 16:43:15.142
比亚迪垃圾,https://s.weibo.com/weibo?q=%E6%AF%94%E4%BA%9A%E8%BF%AA%E5%9E%83%E5%9C%BE,柳**,06月07日 20:44 转赞人数超过40,https://weibo.com/3272494307/PvjMoyzgV?refer_flag=1001030103_,当下的国内企业，柳子比较欣赏的一个是比亚迪，一个是小米，企业虽然做大了，甚至做到了行业头部，价格依然亲民。凡是不亲民的，脱离普通大众的价格，最终都会被扫进历史垃圾堆，包括茅台，华为，格力！什么高科技，什么支持国产，你不做总有人做，都别高看自己，都是时代的过客。所以，凡是最终脱离群众的，凡是以各种理由借口忽悠高消费的，都给老子滚蛋！晚安！ 收起d,,,1,9,51,2025-06-08 16:43:15.736
比亚迪起火,https://s.weibo.com/weibo?q=%E6%AF%94%E4%BA%9A%E8%BF%AA%E8%B5%B7%E7%81%AB,美**,04月23日 16:28,https://weibo.com/5991999201/PoBg0jVqS?refer_flag=1001030103_,唐DM-i被渣土车撞飞50米！结果？车主轻伤下车，电池0起火！这波操作直接把实验室安全测试干成马路实战！“钢筋铁骨+黑科技”看呆网友！安全是电动车最大的豪华，别人造车，比亚迪造“公路坦克”！一键点击视频，了解比亚迪的安全传奇！ L美兰不讲李的微博视频 ?,http://wx3.sinaimg.cn/orj480/006xvOIply1i0qtlostjvj31h00u0wnt.jpg,"//f.video.weibocdn.com/o0/zf1d4hT5lx08nHmQbq3C01041200PNFN0E010.mp4?label=mp4_720p&template=1272x720.25.0&ori=0&ps=1BVp4ysnknHVZu&Expires=1749375806&ssig=V0uqyq%2F%2BZh&KID=unistore,video",76,140,579,2025-06-08 16:43:40.951
比亚迪起火,https://s.weibo.com/weibo?q=%E6%AF%94%E4%BA%9A%E8%BF%AA%E8%B5%B7%E7%81%AB,车**,2024年01月07日 14:32,https://weibo.com/1974163081/NAJGW7nIK?refer_flag=1001030103_,1月5日，山东枣庄万达地下车库，疑比亚迪汉EV起火，车内有明火，具体原因尚不清楚。有谁知道什么情况，怎么停在车库就又起火了？ L车圈朵教主Dora的微博视频 ?,http://wx1.sinaimg.cn/orj480/75ab5689ly1hll1u1kq8kj20u0141gwp.jpg,"//f.video.weibocdn.com/o0/nkn3SQkslx08byoqokXm010412008LTG0E010.mp4?label=mp4_720p&template=720x1280.24.0&ori=0&ps=1BVp4ysnknHVZu&Expires=1749375806&ssig=UDmd1Vpp%2Bt&KID=unistore,video",6,33,62,2025-06-08 16:43:41.005
比亚迪起火,https://s.weibo.com/weibo?q=%E6%AF%94%E4%BA%9A%E8%BF%AA%E8%B5%B7%E7%81%AB,搞**,04月25日 16:26,https://weibo.com/3788429711/PoU681W2Q?refer_flag=1001030103_,腾势Z9GT以120码速度追尾大货车，车内人员亳发未伤。渣土车闯红灯把一辆唐DM-撞飞，车辆没起火，驾驶员在极端事故中奇迹生还……“安全是最大的豪华”！比亚迪用真材实料硬核品质保证用户生命安全！ L搞机的风采的微博视频 ?,http://wx1.sinaimg.cn/orj480/e1ced98fgy1i0t4v83gbrj20u00gwwhh.jpg,"//f.video.weibocdn.com/o0/aviQydOylx08nKyjbO4M01041200QjN90E010.mp4?label=mp4_720p&template=1280x720.25.0&ori=0&ps=1BVp4ysnknHVZu&Expires=1749375806&ssig=5SL0o06P7Z&KID=unistore,video",12,23,83,2025-06-08 16:43:41.075
比亚迪起火,https://s.weibo.com/weibo?q=%E6%AF%94%E4%BA%9A%E8%BF%AA%E8%B5%B7%E7%81%AB,空**,2023年07月22日 13:23,https://weibo.com/2001530981/Nb21i2gQK?refer_flag=1001030103_,一台比亚迪起火了，肯定会被烧废了 L空军世界的微博视频 ?,http://wx3.sinaimg.cn/orj480/002bsdDLgy1hg5m3qxhxyj60k00zkadi02.jpg,"//f.video.weibocdn.com/o0/Zj0HN4Uvlx087cLeJKBq01041200aYfR0E010.mp4?label=mp4_720p&template=720x1280.24.0&ori=0&ps=1BVp4ysnknHVZu&Expires=1749375806&ssig=tO0Jvrfu0X&KID=unistore,video",5,39,89,2025-06-08 16:43:41.150
比亚迪起火,https://s.weibo.com/weibo?q=%E6%AF%94%E4%BA%9A%E8%BF%AA%E8%B5%B7%E7%81%AB,武**,04月02日 13:52,https://weibo.com/2014878391/PlogapzNS?refer_flag=1001030103_,"#小米客服称SU7电池双供应商随机装#
卧槽，
太牛逼了，
一把火烧向了比亚迪和宁德时代，
就问你还袖手旁观不？
起火的原因都是你们，
你们是供应商没做好？
稀巴烂的电池把劳资给坑了。

宁德时代、比亚迪表示蒙圈了，
招谁惹谁了，
还要劳资背锅？

PS。营销大师，举手投足之间，都体现出了高超的智慧，叹为观止！ 收起d",,,5,40,445,2025-06-08 16:43:41.781
比亚迪起火,https://s.weibo.com/weibo?q=%E6%AF%94%E4%BA%9A%E8%BF%AA%E8%B5%B7%E7%81%AB,题**,04月01日 20:54,https://weibo.com/5414784105/PlhBag6gL?refer_flag=1001030103_,比亚迪腾势赵长江：Z9GT 120km/h追尾大货车 电池完好无损没有起火自燃O比亚迪腾势赵长江：Z9GT 120km/h追尾大货车 电池完好无损没有起火自燃 ?,,,1,0,78,2025-06-08 16:43:41.864
比亚迪起火,https://s.weibo.com/weibo?q=%E6%AF%94%E4%BA%9A%E8%BF%AA%E8%B5%B7%E7%81%AB,陆**,06月05日 14:22,https://weibo.com/7484864135/Pv7Og282F?refer_flag=1001030103_,太平洋起火轮船上可能是特斯拉或者比亚迪品牌汽车。据报道，该船于2025年5月26日从中国烟台港启航。目的地是墨西哥拉萨罗卡德纳斯港，原计划于6月15日抵达墨西哥港口，但火灾发生在阿拉斯加西南约483公里海域，导致航行中断。虽然没有相关报道显示是什么品牌的汽车，但可以分析一下，中国烟台出发，而烟台港是特斯拉、比亚迪等品牌的重要出口枢纽，再加上特斯拉和比亚迪在中国对墨西哥的电动车出口中占比比较大。#载3000辆汽车的轮船在太平洋起火##热点观点# L陆战铁骑的微博视频 收起d,http://wx1.sinaimg.cn/orj480/008axJ55gy1i24fp3og5kj30u01hc417.jpg,"//f.video.weibocdn.com/o0/B7EvJLZ6lx08oNOtJ0uY010412004t380E010.mp4?label=mp4_720p&template=720x1280.24.0&ori=0&ps=1BVp4ysnknHVZu&Expires=1749375806&ssig=WoFDNyNyIz&KID=unistore,video",2,6,12,2025-06-08 16:43:42.452
比亚迪起火,https://s.weibo.com/weibo?q=%E6%AF%94%E4%BA%9A%E8%BF%AA%E8%B5%B7%E7%81%AB,互**,05月28日 17:10,https://weibo.com/7322674601/PtVub5GkI?refer_flag=1001030103_,真没想到！全固态电池率先装车的，既不是比亚迪也不是宁德时代，居然是平时低调的奇瑞！ 奇瑞猎风搭载自研全固态电池，能量密度400wh/kg，零下30度续航超1500公里，这数据太惊人。 之前看他们公开测试，电池被剪刀剪掉一块，居然不起火、不冒烟还能供电，安全性直接爆表。 人家奇瑞已经确定2026年让固态电池上车，比比亚迪、宁德时代早一年。 照这势头，奇瑞说不定真能成为电池巨头。 收起d,http://wx3.sinaimg.cn/orj360/007ZzcaRgy1i1v03w65mnj30qo1a4mzh.jpg,,20,124,310,2025-06-08 16:43:43.029
比亚迪起火,https://s.weibo.com/weibo?q=%E6%AF%94%E4%BA%9A%E8%BF%AA%E8%B5%B7%E7%81%AB,雪**,04月02日 13:11,https://weibo.com/7737164717/PlnZq7uWY?refer_flag=1001030103_,关于这次起火燃烧的小米汽车电池部分，小米回应说是比亚迪弗迪电池和宁德时代电池混装，事故车不确定是装的哪家的电池。不过早前宁德时代已经否认了是宁德的电池，今天股价表现上，宁德涨，比亚迪跌。具体是哪家电池，需要等调查结论出来了再说，不过一旦证实是某家的，可能短期会对那家公司的股价有影响。 收起d,http://wx4.sinaimg.cn/orj360/008rClZjgy1i02dzd74jxj30j616fgr3.jpg,,7,43,341,2025-06-08 16:43:43.613
比亚迪起火,https://s.weibo.com/weibo?q=%E6%AF%94%E4%BA%9A%E8%BF%AA%E8%B5%B7%E7%81%AB,柠**,04月24日 10:23,https://weibo.com/6338035881/PoIin32Kz?refer_flag=1001030103_,唐DM与渣土车碰撞车子没起火，车门可以正常打开，车主平安无事；腾势Z9 GT高速120km/h追尾大货车，车头被撞的稀巴烂，但是A柱没断，车主平安无事；方程豹被追尾只受了皮外伤，而后车引擎盖直接掀起……像这样的例子我还能举很多出来，比亚迪斥资4个亿建造的三大安全实验室让比亚迪在整车安全上有了说话的底气，各种碰撞测试，电池针刺测试等等，“安全才是最大的豪华”真的要靠技术实力，而不是靠喊口号 L柠檬王同学的微博视频 收起d,http://wx3.sinaimg.cn/orj480/006UVKFbly1i0rops97khj30u01hcmzh.jpg,"//f.video.weibocdn.com/o0/Kvj0w1lxlx08nIyFvkwo01041200xbGN0E010.mp4?label=mp4_720p&template=720x1280.24.0&ori=0&ps=1BVp4ysnknHVZu&Expires=1749375806&ssig=u5%2FNUP324o&KID=unistore,video",55,244,503,2025-06-08 16:43:44.225
比亚迪起火,https://s.weibo.com/weibo?q=%E6%AF%94%E4%BA%9A%E8%BF%AA%E8%B5%B7%E7%81%AB,飞**,04月26日 15:57,https://weibo.com/6355649753/Pp3kXrxwY?refer_flag=1001030103_,"#网民造谣比亚迪已被行拘#这个起火事故跟车，跟充电都没关系，实际火灾现场照片显示涉事车辆基本完好。

这些造谣的人真是编的有鼻子有眼的，发的时候也不想想自己会造成什么后果？也没想过需要承担什么法律责任么？

目前该网络账号被处理，已经搜索不到，期待所有企业都有这样的力度，让黑子无所遁形！！ 收起d",http://wx4.sinaimg.cn/orj360/006W7EPTly1i0u9nna32hj30u01cqgu7.jpg,,6,14,50,2025-06-08 16:43:44.813
比亚迪起火,https://s.weibo.com/weibo?q=%E6%AF%94%E4%BA%9A%E8%BF%AA%E8%B5%B7%E7%81%AB,u**,04月26日 13:07,https://weibo.com/3241038324/Pp2dPlWPX?refer_flag=1001030103_,有网友在一个火灾视频下造谣说是比亚迪海鸥在充电时爆炸，比亚迪法务看到后就出来辟谣了，现在人也进去了造这种谣，除了坏，想不出别的理由…#网民造谣比亚迪已被行拘# ?,"http://wx4.sinaimg.cn/orj360/c12e51f4gy1i0u4px3r8dj20qo1eeq8v.jpg
http://wx2.sinaimg.cn/orj360/c12e51f4gy1i0u4pxfmqyj20ty1axqb6.jpg",,23,23,50,2025-06-08 16:43:44.887
比亚迪起火,https://s.weibo.com/weibo?q=%E6%AF%94%E4%BA%9A%E8%BF%AA%E8%B5%B7%E7%81%AB,神**,06月05日 14:37,https://weibo.com/5662699109/Pv7UilXXB?refer_flag=1001030103_,#载3000辆汽车的轮船在太平洋起火# 海外占比比较高的国内车企除了奇瑞，应该就是比亚迪了吧，不过这3000辆相比一年几百万的销量，真是洒洒水 ?,http://wx1.sinaimg.cn/orj360/006be6IBly1i24g4ij66rj613z1k87e002.jpg,,0,20,230,2025-06-08 16:43:44.962
比亚迪起火,https://s.weibo.com/weibo?q=%E6%AF%94%E4%BA%9A%E8%BF%AA%E8%B5%B7%E7%81%AB,水**,05月27日 12:08,https://weibo.com/3246612795/PtK5q1vFq?refer_flag=1001030103_,根据工信部发布的GB 38031-2025标准，2026年7月起所有电动汽车电池必须满足"不起火、不爆炸"的强制要求。新标准新增底部撞击测试（30毫米钢球150焦耳能量撞击3次）、快充循环后安全测试（300次快充后通过短路测试）等"地狱级"项目，直接将行业安全门槛提升至国际领先水平。比亚迪的刀片电池和闪充刀片电池都通过了国家最新的电池安全检测标准，拿到了权威认证。#比亚迪# 收起d,"http://wx2.sinaimg.cn/thumb150/c183613bgy1i1tx3o36qnj20zk1eawls.jpg
http://wx2.sinaimg.cn/thumb150/c183613bgy1i1tx3pw43yj20zk1eb7cw.jpg",,13,41,66,2025-06-08 16:43:45.554
比亚迪起火,https://s.weibo.com/weibo?q=%E6%AF%94%E4%BA%9A%E8%BF%AA%E8%B5%B7%E7%81%AB,自**,04月26日 12:16,https://weibo.com/5864631940/Pp1ThcjR8?refer_flag=1001030103_,看来迪子是学到了就是要重拳出击小丑?? ?,"http://wx3.sinaimg.cn/orj360/006oToFKly1i0u3fjfbu9j30u011g0z3.jpg
http://wx1.sinaimg.cn/orj360/006oToFKly1i0u3fk2b6ij30qo1lsdlb.jpg
http://wx4.sinaimg.cn/orj360/006oToFKly1i0u3fkjkd4j30k018g44b.jpg",,7,23,267,2025-06-08 16:43:45.632
比亚迪起火,https://s.weibo.com/weibo?q=%E6%AF%94%E4%BA%9A%E8%BF%AA%E8%B5%B7%E7%81%AB,宇**,今天15:34,https://weibo.com/3780537534/PvAyP2VpB?refer_flag=1001030103_,比亚迪杀入两轮车电池！500公里续航、10年不用换电池、扎钉子也不起火――比亚迪把汽车级刀片电池塞进两轮车了！外卖小哥实测三天不充电，普通用户能用到车子报废。铅酸电池的寿命短、冬天缩水、充电慢的痛点，这次真要被革命了？ ?,"http://wx4.sinaimg.cn/thumb150/e1566cbely1i27ym6bbq6j20kf0h0qco.jpg
http://wx4.sinaimg.cn/thumb150/e1566cbely1i27ym6m63cj213x0pq1kx.jpg
http://wx2.sinaimg.cn/thumb150/e1566cbely1i27ym6ex9tj20n70qhwun.jpg
http://wx4.sinaimg.cn/thumb150/e1566cbely1i27ym6g9uuj213n0ptqkq.jpg
http://wx4.sinaimg.cn/thumb150/e1566cbely1i27ym6cw21j20jp0qb144.jpg",,7,8,11,2025-06-08 16:43:45.712
比亚迪起火,https://s.weibo.com/weibo?q=%E6%AF%94%E4%BA%9A%E8%BF%AA%E8%B5%B7%E7%81%AB,金**,今天05:07,https://weibo.com/5261676451/PvwstpL09?refer_flag=1001030103_,比亚迪汉只要9.98万了？为什么比亚迪又要大幅降价？1.目前国人均拥车仅仅0.24辆，还远低于绝大多数发达国家0.6辆的水平，而且新能源汽车渗透率不到一半，整体增长的空间还很大。2.明年新国标――2026年所有电车电池标准不允许起火爆炸了，必须清库存。3.比亚迪目前降价促销就是为了让老百姓实惠，这样合资车压力大了，中国人现在也只要用几个月的收入就能去买车了，不然为啥降价的都是DMI而非汉L，可是某些被占领了市场的土殖就不乐意了。4.发达国家拥车率这么高主要是性价比很高，他们工作几个月或半年的工资收入就可以以买台车了，所以都选择汽车做代步工具。5.大概率是又有新产品出来，比如为固态电池上市做准备。6.降价肯定是为了占领市场，没有市场就算是金子也难发光，智驾也难，特斯拉之所以成功，就是因为中国给了广阔市场和数据支持。7.比亚迪需要销量来维持迪链，一但销量跟不上，供应商就会抵制迪链，金融游戏玩不下去，股价也会立马崩掉。8.企业的目的肯定是获利，降价对消费者来说肯定获利的，但是企业不是拿钱来做慈善的，赚钱是资本的唯一目标，把价格降得这么低说明成本到位了，正如比亚迪所说的工艺先进、规模优势、效率提升带来的成本下降带来的价格下跌，毕竟锂材料已经从前几年的60万一吨到如今10万一吨，大家算算成本缩减了多少？ 收起d,http://wx1.sinaimg.cn/orj360/005K5spdgy1i27gil840qj30j60vttdu.jpg,,4,39,40,2025-06-08 16:43:46.300
比亚迪起火,https://s.weibo.com/weibo?q=%E6%AF%94%E4%BA%9A%E8%BF%AA%E8%B5%B7%E7%81%AB,科**,06月07日 14:22 转赞人数超过100,https://weibo.com/2722493191/Pvq9wgoeQ?refer_flag=1001030103_,今天闪现#2025重庆车展#，在车展上比亚迪海洋网潮美质选轿跑#海豹06EV正式上市#，10.98万起售，共3款配置，性价比直接拉满。外观上全新海洋美学设计，封闭式前脸搭配深海之眸大灯，轿跑身姿，颜值超高，一眼心动。智能座舱上 高阶版-DiLink 100，搭配15.6英寸pad，智能交互超丝滑。无线充电、座椅通风加热、车载智能冷暖冰箱……各种实用配置统统安排配置上基于e平台3.0 Evo打造，后驱动力布局，搭配前双球头麦弗逊+后五连杆独立悬架，还有黑科技云辇-C加持，驾控体验直接拉满。CLTC工况470KM和545KM两种续航，满足多样出行。在我们关心的安全方面也超给力，全系搭载“天神之眼C”智能驾驶辅助三目版 ，标配针刺不起火的高安全刀片电池，还有最高9处安全气囊等，很好的做到了安全感拉满。不得不说，大家想要的颜值、驾控、安全海豹06EV全都很好的满足了。现在购车还有好礼，喜欢的可以去试驾下 2重庆・重庆国际博览中心 收起d,"http://wx4.sinaimg.cn/thumb150/a245f307gy1i26ocklvwij23402c0npe.jpg
http://wx1.sinaimg.cn/thumb150/a245f307gy1i26ocrdtpbj23402c0hdu.jpg
http://wx1.sinaimg.cn/thumb150/a245f307gy1i26ocz4052j23402c0x6q.jpg
http://wx2.sinaimg.cn/thumb150/a245f307gy1i26od67bvbj23402c0x6q.jpg
http://wx1.sinaimg.cn/thumb150/a245f307gy1i26odci9hjj23402c0x6q.jpg
http://wx2.sinaimg.cn/thumb150/a245f307gy1i26odipuqoj23402c0e82.jpg
http://wx3.sinaimg.cn/thumb150/a245f307gy1i26odpwzv3j23402c0qv6.jpg
http://wx1.sinaimg.cn/thumb150/a245f307gy1i26odwcvnqj23402c0e82.jpg
http://wx1.sinaimg.cn/thumb150/a245f307gy1i26oe2gp09j23402c0kjm.jpg",,19,49,144,2025-06-08 16:43:46.918
比亚迪起火,https://s.weibo.com/weibo?q=%E6%AF%94%E4%BA%9A%E8%BF%AA%E8%B5%B7%E7%81%AB,波**,06月07日 12:19,https://weibo.com/1923029542/PvpR8BTOT?refer_flag=1001030103_,?此外，海豹06EV标配针刺不起火的高安全刀片电池，搭配CTB一体化车身提升结构强度，彻底解决用户电池安全焦虑。并配备最高9处安全气囊，标配哨兵模式、千里眼功能，实现了整车安全全场景覆盖。《同级唯一搭载云辇-C！比亚迪海豹06EV上市，售价10.98万起》  O同级唯一搭载云辇-C！比亚迪海豹06EV上市，售价10.98万起 ?,http://wx1.sinaimg.cn/large/729f1a26gy1i26nd15zytj20fe08n3yo.jpg,,0,0,0,2025-06-08 16:43:46.995
比亚迪起火,https://s.weibo.com/weibo?q=%E6%AF%94%E4%BA%9A%E8%BF%AA%E8%B5%B7%E7%81%AB,请**,06月06日 11:03,https://weibo.com/2639782272/PvfW4rBUq?refer_flag=1001030103_,"#五菱全新A0级纯电SUV谍照曝光# 一组五菱汽车旗下全新纯电动小SUV路试谍照曝光，据悉该车或定名为缤果S，未来上市将与吉利星愿、比亚迪海豚等当前热销车型展开竞争。

由于覆盖有厚厚的伪装，所以车辆全部细节未知，但能看出一些有效信息，其采用全新的设计语言，整车使用圆润的线条勾勒，近似椭圆形的头灯搭配封闭式前格栅，营造年轻感。

车身侧面来看，整体线条圆润饱满，简洁大方，充电口设置在左前翼子板处，并采用常规式车门把手。

来到车尾，可见其搭载了环绕式尾灯设计，同时还配有大尺寸扰流板，牌照框处采用了内凹式设计，营造出不错的层次感。

目前官方并未公布该车动力方面信息，参考2025款五菱缤果，其搭载50kW三合一水冷扁线电机，最大可输出41马力和68马力。

配备五菱自研神炼电池，电池电芯采用MUST多功能一体化结构和“不起火电芯”技术，预计续航可达300-400公里，全系标配直流快充功能，35分钟即可从30%补能至80%，

考虑到当前电动车市场竞争激烈异常，而五菱又是主打高性价比，那么预计这款车的售价也会有惊喜，推测会在7-10万元之间。 收起d","http://wx4.sinaimg.cn/thumb150/9d57e180gy1i25fkhkk5kj20go0b4jyz.jpg
http://wx1.sinaimg.cn/thumb150/9d57e180gy1i25fkiuvocj20go0b4gt3.jpg
http://wx3.sinaimg.cn/thumb150/9d57e180gy1i25fkkcaolj20go0b4q8r.jpg
http://wx3.sinaimg.cn/thumb150/9d57e180gy1i25fklraraj20go0b4jyo.jpg",,385,145,759,2025-06-08 16:43:47.581
比亚迪起火,https://s.weibo.com/weibo?q=%E6%AF%94%E4%BA%9A%E8%BF%AA%E8%B5%B7%E7%81%AB,e**,06月06日 01:23 转赞人数超过4800,https://weibo.com/7762168725/Pv6dnn7Nd?refer_flag=1001030103_,有个从山东出发去墨西哥的船，里面3000台车。其中800台是电动车。然后在阿拉斯加附近烧起来了，船也烧废了，美国海岸警卫队救出22名船员。雪球里有人把这个发到比亚迪的股吧里，然后里面有人说是特斯拉。不过呢，不着急下结论。墨西哥国家统计局数据显示，截至2023年12月，已经有12家中国车企，39个中国汽车品牌进入墨西哥市场。 #新能源大牛说##大v聊车# 收起d,"http://wx1.sinaimg.cn/thumb150/008tjgFLgy1i248isnkymj30xi20u4qp.jpg
http://wx3.sinaimg.cn/thumb150/008tjgFLgy1i248itjk52j30xi20u7wh.jpg
http://wx3.sinaimg.cn/thumb150/008tjgFLgy1i248irlhx1j30xi20ux33.jpg",,2,23,5057,2025-06-08 16:43:48.152
比亚迪起火,https://s.weibo.com/weibo?q=%E6%AF%94%E4%BA%9A%E8%BF%AA%E8%B5%B7%E7%81%AB,宏**,06月05日 18:02 转赞人数超过10,https://weibo.com/2046862301/Pv7OhmSsX?refer_flag=1001030103_,"#载3000辆汽车的轮船在太平洋起火#
货轮载有约3000辆汽车，其中800辆为电动汽车，其余2200辆为燃油车。
该货轮于5月26日从中国烟台港出发，曾停靠上海、南沙港，原计划6月15日抵达墨西哥拉萨罗卡德纳斯港。
船上具体汽车品牌还未透漏，但根据海关出口统计：烟台港主要出口上汽通用别克，上海港主要出口上汽通用雪弗兰、上汽名爵、上汽大通、比亚迪、特斯拉等汽车，南沙港主要出口广汽品牌、东风品牌等汽车。
该船为利比里亚籍滚装船，建于2006年，由英国Zodiac Maritime公司管理，最多可载6000辆汽车。浓烟被发现后，船员启动船载灭火系统但未能控制火势，最终弃船逃生。
船上这3000辆车不知道能不能保住一半。 收起d","http://wx4.sinaimg.cn/thumb150/7a00a3ddly1i24fnhjjohj20a00713yq.jpg
http://wx3.sinaimg.cn/thumb150/7a00a3ddly1i24fnhuu5vj20jg0a774x.jpg",,3,8,17,2025-06-08 16:43:48.741
比亚迪起火,https://s.weibo.com/weibo?q=%E6%AF%94%E4%BA%9A%E8%BF%AA%E8%B5%B7%E7%81%AB,颜**,06月05日 17:02,https://weibo.com/1682149937/Pv8Ratb1Z?refer_flag=1001030103_,#载3000辆汽车的轮船在太平洋起火#微博智搜说了，国内主要出口港口涉及品牌包括上汽、比亚迪、特斯拉等，但截止目前没有任何官方消息公布具体涉事车辆具体品牌，大家先莫要猜了 ?,http://wx2.sinaimg.cn/orj360/64439231ly1i24kbdqep4j20wr1z0qhj.jpg,,0,3,0,2025-06-08 16:43:48.802
比亚迪起火,https://s.weibo.com/weibo?q=%E6%AF%94%E4%BA%9A%E8%BF%AA%E8%B5%B7%E7%81%AB,青**,06月05日 14:53,https://weibo.com/2671780051/Pv80EAmeO?refer_flag=1001030103_,#载3000辆汽车的轮船在太平洋起火#比亚迪有自己的船，别带节奏了 ?,,,0,1,0,2025-06-08 16:43:48.863
比亚迪自燃,https://s.weibo.com/weibo?q=%E6%AF%94%E4%BA%9A%E8%BF%AA%E8%87%AA%E7%87%83,类**,04月08日 08:30,https://weibo.com/5881975508/PmgIroT1J?refer_flag=1001030103_,2022 年的比亚迪汉千山翠起火车主提醒小米事故遇难者家属，无论和谁谈赔偿，一定要录像。因为他说自己得到赔偿两年后收到了保险公司和比亚迪的传票，要求归还赔偿…说他本就不应该该得到赔偿，当时的录音不能代表是他们公司的人。 赔了钱还要求退回来，真假的？ L类星频道的微博视频  ?,http://wx3.sinaimg.cn/orj480/006q4awIgy1i08ma1wl9uj30om0wv795.jpg,"//f.video.weibocdn.com/o0/SsrbCOSxlx08nieSaJ8I010412010tfC0E010.mp4?label=mp4_720p&template=720x1332.24.0&ori=0&ps=1BVp4ysnknHVZu&Expires=1749375839&ssig=Tt81WdrT7J&KID=unistore,video",31,87,315,2025-06-08 16:44:14.641
比亚迪自燃,https://s.weibo.com/weibo?q=%E6%AF%94%E4%BA%9A%E8%BF%AA%E8%87%AA%E7%87%83,老**,2022年08月16日 20:58,https://weibo.com/1906575177/M1l9jypBZ?refer_flag=1001030103_,新能源汽车自燃这么严重，竟然连国标都无视.......@微博汽车 买车选车超话新能源汽车超话比亚迪超话 L老郭机械局的微博视频 ?,http://wx2.sinaimg.cn/orj480/71a40749ly1h58whly01wj20u01hctaf.jpg,"//f.video.weibocdn.com/o0/Lw6pLVP6lx07YsXDDzdC01041200phpw0E010.mp4?label=mp4_720p&template=720x1280.24.0&ori=0&ps=1BVp4ysnknHVZu&Expires=1749375839&ssig=ShUIoviceY&KID=unistore,video",71,88,413,2025-06-08 16:44:14.705
比亚迪自燃,https://s.weibo.com/weibo?q=%E6%AF%94%E4%BA%9A%E8%BF%AA%E8%87%AA%E7%87%83,U**,2023年06月23日 08:32,https://weibo.com/6105738886/N6AIQkUfm?refer_flag=1001030103_,因为经常发比亚迪新能源车自燃、冒烟的视频，被认为是“造谣企业”、“破坏营商环境”，龙猪多个号被封禁。比亚迪总算拔了这颗眼中钉、肉中刺。 ?,http://wx3.sinaimg.cn/orj360/006Fd3Bsgy1hf7uka6jj6j30kv17bgvd.jpg,,11,156,444,2025-06-08 16:44:14.783
比亚迪自燃,https://s.weibo.com/weibo?q=%E6%AF%94%E4%BA%9A%E8%BF%AA%E8%87%AA%E7%87%83,题**,04月01日 20:54,https://weibo.com/5414784105/PlhBag6gL?refer_flag=1001030103_,比亚迪腾势赵长江：Z9GT 120km/h追尾大货车 电池完好无损没有起火自燃O比亚迪腾势赵长江：Z9GT 120km/h追尾大货车 电池完好无损没有起火自燃 ?,,,1,0,78,2025-06-08 16:44:14.870
比亚迪自燃,https://s.weibo.com/weibo?q=%E6%AF%94%E4%BA%9A%E8%BF%AA%E8%87%AA%E7%87%83,楚**,04月25日 17:28,https://weibo.com/1978719111/PoUvnf8Lq?refer_flag=1001030103_,《AEB超级评测大会》集结了25部以“智能化”为核心标签的热门车，华为“三界一塔”悉数出战、比亚迪天神之眼ABC也全部集齐，还有小米SU7 ULTRA、蔚来ET9等高流量旗舰级车型上演AEB首秀。测试场景难度顶级，共有水马锥桶大挑战、假人组团鬼探头横穿、地库下坡儿童嬉戏、隧道盲区故障车自燃、暗夜逆光儿童鬼探头考验。25款谁的辅助驾驶边界更高，咱们直播见证！ L楚少N吧车的微博视频 收起d,http://wx3.sinaimg.cn/orj480/75f0db87ly1i0t5vputsxj21hc0u0qv5.jpg,"//f.video.weibocdn.com/o0/pdyLOERZlx08nKCMb30k01041207BafT0E030.mp4?label=mp4_720p&template=1280x720.25.0&ori=0&ps=1BVp4ysnknHVZu&Expires=1749375839&ssig=PXAA3fb2ki&KID=unistore,video",9,8,43,2025-06-08 16:44:15.483
比亚迪自燃,https://s.weibo.com/weibo?q=%E6%AF%94%E4%BA%9A%E8%BF%AA%E8%87%AA%E7%87%83,飞**,2024年10月04日 23:22,https://weibo.com/5632180436/OA2wumRTd?refer_flag=1001030103_,第一名，比亚迪230kw电机，只需要额定65kw就行了。第二名，比亚迪240kw电机，仅需额定70kw即可。额定功率低说明比亚迪电机散热能力低，峰值功率高，说明比亚迪电机超频能力无敌，哪怕散热能力比较低，也能短暂使用更高峰值功率。电池第一名，比亚迪刀片电池，已经把自燃从字典里删掉了，所以不需要电芯之间增加任何隔热材料。要知道气凝胶隔热垫很贵，su7用了165片，奥特能用了su7的10倍面积，全是钱啊电池第二名，特斯拉磷酸铁锂电池，同样因为安全，不在电芯之间增加隔热材料。@徐里里Xll 你说上汽电机，额定功率这么高，需要很强的电机散热能力，需要很多专利散热结构，用户简单试驾完全无法感知，营销也只看峰值功率，你做这么大额定功率，给跑车用的吗电池也一样，你说的那些电池。满包都是隔热材料，事故起火还能自己熄灭，如何给车主全损呢。而且还坚持不用结构胶固定，好拆好修。根本没能把自燃从字典里删除，统统不如极简的刀片电池 收起d,http://wx2.sinaimg.cn/orj360/0069a3pWgy1huarw0thj1j30xc1mqajy.jpg,,8,63,135,2025-06-08 16:44:16.078
比亚迪自燃,https://s.weibo.com/weibo?q=%E6%AF%94%E4%BA%9A%E8%BF%AA%E8%87%AA%E7%87%83,迪**,2024年12月28日 17:19,https://weibo.com/2712644232/P6Y1byMCw?refer_flag=1001030103_,比亚迪官司胜诉获赔202万元 ，之前觉得很高，现在发现赔的不够。判决书十多页，内容太多太详细了，感兴趣的可以去看，我只摘取三页。这也是为什么起诉到判决需要一两年的原因，因为取证内容太多了。这个龙猪，真名李睿智，真“睿智”……通过这个判决，很多熟悉的内容让我回忆起来了。比亚迪被全网黑的最惨的就是所谓的“自燃”，很多黑子把比亚迪直呼“自燃迪”。之所以会这样就是以龙猪为首造成的。因为比亚迪销量高，基数大，发生各种原因的起火绝对数量肯定比别人就多。这个龙猪就专门收集起火视频，造成比亚迪三天两头都在起火的感觉，并造谣就是自燃了，是比亚迪电池的问题。判决书把逐条起火内容都做了调查结论，还原了真相。除了造谣抹黑，另外的罪状就是侮辱比亚迪和比亚迪的客户群体，各种谐音，各种外号，各种侮辱性称呼。判决书整整列了一页……真的太脏了！作孽如此多，对比亚迪形象声誉造成的损失不可估量，202万只是可以看得见可以计算的损失，只是一部分而已。比亚迪超话#法院判决龙猪集车赔偿比亚迪202万元# 收起d,"http://wx1.sinaimg.cn/thumb150/a1afaa88gy1hx0qmb2phij20ox0zk444.jpg
http://wx2.sinaimg.cn/thumb150/a1afaa88gy1hx0qmci5aij20p00zkq8l.jpg
http://wx2.sinaimg.cn/thumb150/a1afaa88gy1hx0qmantfsj20ng0yvq7f.jpg",,16,76,226,2025-06-08 16:44:16.667
比亚迪自燃,https://s.weibo.com/weibo?q=%E6%AF%94%E4%BA%9A%E8%BF%AA%E8%87%AA%E7%87%83,车**,2024年10月22日 10:34,https://weibo.com/1974163081/OCHbCdiFf?refer_flag=1001030103_,10月21日，青岛崂山区，一辆蓝色奔驰电车着火，旁边的绿色比亚迪车主喜提全损。 L车圈朵教主Dora的微博视频 ?,http://wx4.sinaimg.cn/orj480/75ab5689gy1huuz1qcjrhj20k00qoq70.jpg,"//f.video.weibocdn.com/o0/lvPIRcuzlx08iZ5fU1WU01041200dNPl0E010.mp4?label=mp4_720p&template=720x1280.24.0&ori=0&ps=1BVp4ysnknHVZu&Expires=1749375839&ssig=b%2BebJqq49a&KID=unistore,video",25,29,186,2025-06-08 16:44:16.740
比亚迪自燃,https://s.weibo.com/weibo?q=%E6%AF%94%E4%BA%9A%E8%BF%AA%E8%87%AA%E7%87%83,互**,04月03日 13:02,https://weibo.com/5890050856/Plxmgm2YR?refer_flag=1001030103_,小米撞车三女生事件，另一个大瓜：不带激光雷达的su7低配版到底用的谁的电池？网上查了，一开始是比亚迪的弗迪电池，磷酸铁锂。后面供不过来，又引入了宁德时代的磷酸铁锂。现在宁德时代说不是他的电池。压力就来到了比亚迪了。那么还有个问题来了。就这个撞法，磷酸铁锂也顶不住自燃。（磷酸铁锂号称烧的慢，安全。）这次事故车用的是标准版，电池包用的是倒置电芯技术。按道理说这种设计能防止电解液泄漏，但碰撞后还是烧得厉害。有懂行的师傅拆过车，说电池包外壳用的是一体压铸技术，强度够但韧性差，遇到侧面撞击容易开裂。有人查到小米SU7标准版电池供应商的招标文件，上面写着"弗迪或同级别供应商"。现在宁德时代急着撇清关系，估计是怕影响自家股价。比亚迪这边倒是没吭声，可能还在等检测报告。修车厂的人说，磷酸铁锂电池就算烧得慢，遇到高速撞击变形照样会短路。这次车子撞的是水泥隔离墩，冲击力比普通追尾大好几倍，啥电池都扛不住。小米客服之前宣传的"电池安全设计"，在实战面前还是露了怯。现在家属最关心的不是电池有没有偷工减料，事故车烧得只剩骨架，鉴定机构得先确认是不是电池自燃引起的火势。如果是线路短路或者油箱漏油引发的，责任划分又不一样了。这事最后估计得看第三方检测报告，光靠嘴皮子扯不清。 收起d,"http://wx2.sinaimg.cn/thumb150/006qC3iggy1i03jbu161tj30u90sejug.jpg
http://wx4.sinaimg.cn/thumb150/006qC3iggy1i03jbust2xj30d30sead0.jpg
http://wx2.sinaimg.cn/thumb150/006qC3iggy1i03jbv7qizj30dh0qnq97.jpg",,13,53,149,2025-06-08 16:44:17.326
比亚迪自燃,https://s.weibo.com/weibo?q=%E6%AF%94%E4%BA%9A%E8%BF%AA%E8%87%AA%E7%87%83,评**,04月03日 10:46,https://weibo.com/1947591324/Plwt08jG4?refer_flag=1001030103_,DY上开始往电池引导，宁德率先发文表示与自己无关，比亚迪岿然不动…根据小米官方公布的信息，小米有电池工厂，弗迪提供电芯，小米负责封装，而有可能宁德提供的是整包电池，既然宁德现在否认那就代表与宁德无关。现在不知道电池问题是否为引发自燃的主要因素，同时也不清楚假设电池引发，是封装还是电芯…过早引导舆论并不合适……对了，此类视没有遭遇“视频不见啦”之遭遇 收起d,,,4,43,104,2025-06-08 16:44:17.916
比亚迪自燃,https://s.weibo.com/weibo?q=%E6%AF%94%E4%BA%9A%E8%BF%AA%E8%87%AA%E7%87%83,马**,2024年08月26日 05:20,https://weibo.com/2036161077/OtZLL2WsM?refer_flag=1001030103_,这是比亚迪自燃？看着似乎不像啊！ ?,http://wx1.sinaimg.cn/orj360/795d5a35gy1ht0itde3ymj20u014laer.jpg,,10,162,405,2025-06-08 16:44:17.993
比亚迪自燃,https://s.weibo.com/weibo?q=%E6%AF%94%E4%BA%9A%E8%BF%AA%E8%87%AA%E7%87%83,爱**,2024年04月16日 22:15,https://weibo.com/1275606432/Oa20i3EA3?refer_flag=1001030103_,又菜又爱玩，迪子你的身子板玩不了这个#比亚迪##我与汽车的日常# L爱唠嗑的布先森的微博视频 ?,http://wx2.sinaimg.cn/orj480/4c0835a0ly1hot16791frj20u01hdtln.jpg,"//f.video.weibocdn.com/o0/m5fa1Di6lx08e8pjYBle01041201coZJ0E010.mp4?label=mp4_720p&template=720x1280.24.0&ori=0&ps=1BVp4ysnknHVZu&Expires=1749375839&ssig=Diw1NGuCav&KID=unistore,video",16,1,94,2025-06-08 16:44:18.069
比亚迪自燃,https://s.weibo.com/weibo?q=%E6%AF%94%E4%BA%9A%E8%BF%AA%E8%87%AA%E7%87%83,2**,04月22日 17:14,https://weibo.com/1644027280/Pos89F5oS?refer_flag=1001030103_,《36 氪汽车》发了一篇专访文章，采访的是一位拥有约 10 年动力电池研发经验的专业人士。文章标题就叫《我做了十年电池，至今也没买电车》，这位专业人士表达了一些挺有意思的观点：- 我选车的话，我大概率会直接选磷酸铁锂的电池。因为这材料本身安全性就好，不管是哪个厂家做的磷酸铁锂电池，其实不会相差太多，至少在安全上不会相差那么大。- 个人家用的话，如果不是高频使用，其实没必要买快充，2C 就可以了。一个是没必要为了快充付出更高的溢价，另一个快充也会损失掉一些电池寿命。- 其实电池圈有一种现象，就是每家人买车，大多不买自己家电池的车。因为现在这种大环境，都要求降低成本，你在自己家的企业，能看到干了一些降本的事情，这些事情可能会影响电池在车上的使用情况。你没看到别人家也这么做，你就买别人家的。但实际上别人家也可能干了，只是你没看见，你觉得他没干。- 我自己是不太愿意考虑流量大的车型的，虽然它们座舱比较优秀，智驾号称也比较好，但是造车的时间太短了。我肯定买出货量大，造车沉淀多的车。- 同事们开油车多，我们就是做电池的，有时候顾虑还是比较多。- 电池测试都是在低速的情况下，我们日常开车，高速的时候还是要谨慎，事故磕碰都可能发生冒烟或者着火现象。不是说有新国标了，就肯定不起火了。#42how##新能源汽车# 收起d,"http://wx3.sinaimg.cn/orj360/61fddd90gy1i0pp8jghg4j20l3102wps.jpg
http://wx1.sinaimg.cn/orj360/61fddd90gy1i0ppa3nadcj20kc0zq48r.jpg
http://wx1.sinaimg.cn/orj360/61fddd90gy1i0ppc7z77yj20l80w3woi.jpg
http://wx3.sinaimg.cn/orj360/61fddd90gy1i0ppd39pnyj20kd0y4dpn.jpg
http://wx2.sinaimg.cn/orj360/61fddd90gy1i0ppdahn59j20jk0pijzj.jpg",,7,14,56,2025-06-08 16:44:18.659
比亚迪自燃,https://s.weibo.com/weibo?q=%E6%AF%94%E4%BA%9A%E8%BF%AA%E8%87%AA%E7%87%83,三**,27分钟前,https://weibo.com/1774277544/PvAPLpFKA?refer_flag=1001030103_,"#比亚迪李云飞回应常压油箱和车圈恒大#
汽油蒸发温度在38°C-210°C之间，即使油箱是密闭状态，汽油也会因为蒸发而让油箱产生压力，那么温度高了油箱压力过大岂不是要爆炸了？所以就要把这部分压力排出去，而这部分的排放就叫蒸发排放。

燃油车都会用碳罐吸附排放出的蒸汽来达到排放要求，但新能源车发动机只用来发电，并不能将额外的排放解决。某车企就是这么认为，所以他很激动以为可以弄死比亚迪。

却没想到比亚迪自有专利已经解决这个问题了：冷凝气体和自启动燃烧。靠着这套技术，比亚迪能够达到排放标准，也不需要用高压油箱替代常压油箱。
这就好比其他厂家只会扳手指数数，比亚迪却已经学会九九乘法表。比亚迪还放出了自己专利让同行随便参观随便学，所以这事情就是不了了之了。

但是就像比亚迪自己说的那样，这个技术会自动启动，用来燃烧碳罐内的燃油蒸汽，对于消费者来说，车辆的自启动虽然是电脑控制，但是会让人觉得这辆车子不受消费者自己控制，所以就更换高压油箱了。

某企业自己国内都卖不了多少车和比亚迪比，24年的国内车辆利润都不到3%，纯粹靠着出口的退税和政府补贴来养活自己，怎么好意思说别人的呢？ 收起d","http://wx3.sinaimg.cn/thumb150/69c153a8gy1i27z5m5uh9j20u01qt1at.jpg
http://wx3.sinaimg.cn/thumb150/69c153a8gy1i27z983l1fj20hi09cgpu.jpg
http://wx3.sinaimg.cn/thumb150/69c153a8gy1i27zculhipj20gm0fwdj7.jpg",,0,0,0,2025-06-08 16:44:19.248
比亚迪自燃,https://s.weibo.com/weibo?q=%E6%AF%94%E4%BA%9A%E8%BF%AA%E8%87%AA%E7%87%83,大**,今天 15:31 转赞人数超过30,https://weibo.com/3706460877/PvzSdiFge?refer_flag=1001030103_,"比亚迪这两天在风口浪尖上，本质上还是市场竞争的一种外化，或者说比亚迪太强了，部分品牌打不过你，自然就只能出此下策。

比如方程豹现在销量起来，影响的是谁的市场？

王朝海洋一大波新车增配上市，同时价格还很到位，让某些企业怎么跟你打？

国内市场一直以来就存在这种乱象，但凡你只要是第一，就必然会遭受诽议、攻击，为什么，就是因为你太优秀，衬托出别人太无能。

某些人还以为自己是曾经的大哥，可以呼风唤雨，殊不知现在市场早已变天，靠的是实力说话。你德不配位又没有真材实料，被人挤下来也是无可厚非的事。

甚至还安排已经被禁言的某博主天天拉踩比亚迪，弄的人家现在只能cos伪娘。

比如特斯拉，前两年特斯拉负面不断，天天刹车失灵、自燃，被人说不安全，现在怎么没人说了，是特斯拉有什么逆天黑科技让质量突飞猛进吗，显然不是。

是因为特斯拉已经不是第一了，Model3的王座已经没了，ModelY眼看也要被超过，已经不成为舆论和部分品牌的攻击对象了。

我的想法是，国内车企谁也别指责谁，不见得谁比谁高尚，屁股比谁干净，要比就比谁能够给消费者带来实惠，能不能用更便宜的价格买到更好的车。

又或者说比比社会贡献，谁开了多少厂子，谁带动了多少就业，为地方政府贡献了多少税收，员工多少人等等。

拉踩比亚迪、咒骂王传福能让你的企业变好吗，显然不是。

甚至某些企业领导人都出来发话、泼脏水，暴露的只有自身内耗与无能，因为按照市场竞争、台面上的方式，已经无法打败比亚迪了。

什么时候对比亚迪的攻击才会结束？

只有等到比亚迪真正意义是超越这些友商，技术维度不断突破，海外市场捷报频传，销量已完全不在同一个维度时才会结束，这些目前看来，都只是时间问题。

因为到那时，这些人自然就会认命，饱和式攻击也不会再起作用。

#比亚迪# 收起d","http://wx1.sinaimg.cn/thumb150/dcec1acdgy1i27v8nlzanj20u01ehqht.jpg
http://wx4.sinaimg.cn/thumb150/dcec1acdgy1i27vh8ln25j20u01fxtju.jpg",,2,14,33,2025-06-08 16:44:19.863
比亚迪自燃,https://s.weibo.com/weibo?q=%E6%AF%94%E4%BA%9A%E8%BF%AA%E8%87%AA%E7%87%83,汕**,今天12:37,https://weibo.com/2284927080/Pvzp0sK9d?refer_flag=1001030103_,比亚迪后台强大，其实好多事故好多着火包括4s店自燃都能压下来控制舆论这方面小米比不过比亚迪，华为比亚迪旗鼓相当,"http://wx2.sinaimg.cn/thumb150/006gOSZPly1i27t5g0rtyj310o27oh34.jpg
http://wx4.sinaimg.cn/thumb150/006gOSZPly1i27t424ldwj30z025sk5d.jpg
http://wx2.sinaimg.cn/thumb150/006gOSZPly1i27t41dx69j30z025sao2.jpg",,0,0,0,2025-06-08 16:44:19.939
比亚迪自燃,https://s.weibo.com/weibo?q=%E6%AF%94%E4%BA%9A%E8%BF%AA%E8%87%AA%E7%87%83,选**,今天11:30,https://weibo.com/5641868862/PvyXRoJtu?refer_flag=1001030103_,举报一个，ID为“喷铝粉自燃电池常压油箱”的说不怕原地火化你随便买比亚迪@比亚迪法务部 ?,"http://wx2.sinaimg.cn/thumb150/0069OHOSgy1i27rhezc6xj30u05hgno0.jpg
http://wx1.sinaimg.cn/thumb150/0069OHOSgy1i27rhfijjyj30u015ndkb.jpg",,0,0,0,2025-06-08 16:44:20.009
比亚迪自燃,https://s.weibo.com/weibo?q=%E6%AF%94%E4%BA%9A%E8%BF%AA%E8%87%AA%E7%87%83,鹏**,06月07日 18:06,https://weibo.com/3044519221/Pvs810Hvj?refer_flag=1001030103_,我发现大家一提起比亚迪，想到的不是刀片电池，告别自燃。油耗革命，电比油低。兆瓦闪充，油电同速。云辇底盘，整车智能。而是开始关心起宏大叙事常压油箱，人类环保。员工工资，资本压榨。供应链款，拖欠账期。汽车恒大，经济危机。 ?,,,0,1,2,2025-06-08 16:44:20.077
比亚迪自燃,https://s.weibo.com/weibo?q=%E6%AF%94%E4%BA%9A%E8%BF%AA%E8%87%AA%E7%87%83,砸**,06月04日 07:30,https://weibo.com/6415586831/PuVGpzgzX?refer_flag=1001030103_,一觉醒来，比亚迪海豚沉默了！吉利星愿沉默了！大众ID.3沉默了！埃安UT让人惊掉下巴，它的安全性如此惊艳！埃安UT拥有超高强度车身，其采用了超硬核的高强度钢车身结构，无论是侧面碰撞还是正面撞击，都能最大程度保护车内乘客的安全，安全感直接拉满。对于新能源汽车来说，电池安全是整车安全的重中之重。埃安UT的电池经过了超严格的测试，防水、防撞、防高温，其弹匣电池是是刻在基因里的安全配置，完全不用担心自燃问题。埃安UT搭载的智能驾驶辅助系统，也为整车的安全提供保障。它的L2+级自动驾驶辅助系统，简直就是新手司机的福音，车道保持、自动刹车、盲点监测等功能，确保长时间开车分心行为的安全。还有一些安全设计，如儿童安全锁、安全带提醒、气囊全覆盖、倒车AEB误踩防护，都是为全家安全出行而考虑的。埃安UT是当之无愧的安全小车！#埃安UT质量安全优选小车# 收起d,"http://wx2.sinaimg.cn/thumb150/0070b9cXgy1i22y5tciavj30zk0qnwl2.jpg
http://wx4.sinaimg.cn/thumb150/0070b9cXgy1i22y5ttq63j30zk0np429.jpg
http://wx3.sinaimg.cn/thumb150/0070b9cXgy1i22y5u6j9wj30zk0npq62.jpg",,0,37,31,2025-06-08 16:44:20.667
比亚迪自燃,https://s.weibo.com/weibo?q=%E6%AF%94%E4%BA%9A%E8%BF%AA%E8%87%AA%E7%87%83,撩**,06月03日 11:16,https://weibo.com/1325668170/PuNJEtX6E?refer_flag=1001030103_,我有一个朋友看到网上很多关于BYD的自燃的“新闻”，慌得一批，车也不敢开了，看到都害怕…把开了半年不到的海豚卖了转头就买了一辆二手MINI…#我与汽车的日常# ?,http://wx4.sinaimg.cn/orj360/4f04174agy1i21yzzh9r1j213m0u0k41.jpg,,1,0,13,2025-06-08 16:44:20.755
比亚迪自燃,https://s.weibo.com/weibo?q=%E6%AF%94%E4%BA%9A%E8%BF%AA%E8%87%AA%E7%87%83,股**,06月01日 21:12,https://weibo.com/7435537160/PuyMy4DbV?refer_flag=1001030103_,"2025年5月份新能源车型销量：1. 吉利银河星愿：34,080辆（轿车销冠，性价比优势显著）。  2. 比亚迪海鸥：超2万辆（微型电动车标杆）。  3. 小米SU7：28,000+辆（C级纯电轿车黑马）。  4. 比亚迪宋PLUS新能源：20,280辆（新能源SUV销冠）。  5. 特斯拉Model Y：19,939辆（纯电SUV头部车型）。   现在一汽丰田bZ5上市，这一排行也许会被改变。    首先全张3000万辆丰田混动车型零自燃。让一汽丰田bZ5自带光环！    搭载弗迪动力（比亚迪）提供的 200kW前置单电机，最大扭矩320N・m，零百加速7.9秒，最高时速160km/h，兼顾日常通勤与高速需求。      仅从这一点可以看出丰田的厉害之处，取长补短，只为产品更优秀。无所谓谁的技术。?#合资算力新高度bZ5到店体验# 收起d","http://wx1.sinaimg.cn/thumb150/0087cKSIly1i205230nfrj30pm0skwjj.jpg
http://wx2.sinaimg.cn/thumb150/0087cKSIly1i20523hjhej30li0dwtaa.jpg
http://wx2.sinaimg.cn/thumb150/0087cKSIly1i205246ahij30lw0ei408.jpg",,0,20,20,2025-06-08 16:44:21.353
比亚迪自燃,https://s.weibo.com/weibo?q=%E6%AF%94%E4%BA%9A%E8%BF%AA%E8%87%AA%E7%87%83,h**,05月30日 17:03,https://weibo.com/3979336028/PueiBdElq?refer_flag=1001030103_,比亚迪在成长的路上被各种黑！ 早期质量谣言 - “偷工减料”谣言：早期有谣言称比亚迪汽车偷工减料，但没有实质性证据。比亚迪凭借技术实力和产品质量逐渐打破了这类谣言。- “自燃频发”谣言：被恶意传播比亚迪汽车自燃频发，然而随着比亚迪刀片电池等技术的发展和应用，车辆的安全性得到了有力证明，此类谣言不攻自破。 发展期的负面舆论 - “退网门”事件被放大：2010年比亚迪因经销商分网策略和不合理的任务分配标准，导致部分经销商退网。一些竞争对手和不良媒体将此事件放大，称比亚迪经营出现重大问题，使比亚迪的声誉受到一定影响。- 技术被质疑：比亚迪推出的一些新技术，如早期的混动技术，曾被质疑不够成熟，亏电状态下油耗高等。但随着技术的不断升级和改进，这些问题逐渐得到解决。 近期的恶意攻击 - “档位设计反常规”争议：有人声称比亚迪R挡（倒车挡）在前、D挡（前进挡）在后的设计反常规，导致用户难以适应。但实际上这是符合驾驶安全逻辑的行业标准设计，此类攻击是通过海量通稿在消费者心中植入“不专业”的刻板印象。- “无用论”与双标言论：如腾势N9的易三方技术被拿下测试冠军后，仍被质疑“徒增故障率”，而竞品用上类似功能则被夸赞；比亚迪的蟹行模式被批“鸡肋”，其他品牌类似功能却被吹捧为“创新”，存在明显的双标。- 巴西劳工问题谣言：2025年5月，巴西检察官宣称起诉比亚迪，指控其为工人提供的劳动条件恶劣，并参与国际人口贩运。但这一指控毫无根据，是对中国品牌的恶意抹黑。- 经销商“暴雷”被误传：2025年，比亚迪山东区域经销商济南乾城资金链断裂事件曝光，被一些人误传为比亚迪公司出现问题。但实际上是该经销商加杠杆盲目扩张所致，比亚迪也在对其进行纾困支持。 收起d,,,2,1,2,2025-06-08 16:44:21.938
比亚迪漏电,https://s.weibo.com/weibo?q=%E6%AF%94%E4%BA%9A%E8%BF%AA%E6%BC%8F%E7%94%B5,中**,2024年05月14日 13:41,https://weibo.com/5993531560/OeeBQjB1s?refer_flag=1001030103_,【#比亚迪回应漏电传言#】关于“触电”传言，比亚迪方面回应中新经纬称，“我们从行车记录仪视频可以看到，副驾驶乘客未出现异常情况，车主也可以解开安全带移动，加上车辆有电位均衡的安全设计，漏电监测也没有出现异常，因此，初步排除车辆漏电导致车主病发，不排除车主突发脑溢血导致手脚麻木，误以为触电的可能。事后，车辆也被车主家属正常开走。我们对车主及其家属深表关切和慰问，同时，也愿意积极配合相关部门进行鉴定和调查。” #接近院方人士回应比亚迪车主脑溢血# L中新经纬的微博视频 收起d,http://wx1.sinaimg.cn/orj480/006xCflSly1hpp0oqxsmgj30u01hc165.jpg,"//f.video.weibocdn.com/o0/s32Ffkpclx08eQxn1e3C010412002jAx0E010.mp4?label=mp4_720p&template=720x1280.24.0&ori=0&ps=1BVp4ysnknHVZu&Expires=1749375872&ssig=bSiucyMyiz&KID=unistore,video",68,426,2152,2025-06-08 16:44:47.926
比亚迪漏电,https://s.weibo.com/weibo?q=%E6%AF%94%E4%BA%9A%E8%BF%AA%E6%BC%8F%E7%94%B5,冷**,2024年05月14日 13:22,https://weibo.com/6532102014/Oeeuaf936?refer_flag=1001030103_,#比亚迪回应漏电传言#【#比亚迪回应网传漏电致车主脑溢血# ：漏电监测未出现异常】5月13日，江西新余。#女儿称比亚迪中控漏电致父亲脑溢血# 一女子称购买不到一个月的比亚迪新能源车漏电，致父亲被电成脑溢血。5月14日，比亚迪工作人员表示，关于“触电”传言，从行车记录仪视频可以看到，副驾驶乘客未出现异常情况，车主也可以解开安全带移动，加上车辆有电位均衡的安全设计，漏电监测也没有出现异常，因此，初步排除车辆漏电导致车主病发，不排除车主突发脑溢血导致手脚麻木，误以为触电的可能。事后，车辆也被车主家属正常开走。我们对车主及其家属深表关切和慰问，同时，也愿意积极配合相关部门进行鉴定和调查。2新余 L冷暖视频的微博视频 收起d,http://wx3.sinaimg.cn/orj480/00784286ly1hpozlp3ab9j30u01hcdl5.jpg,"//f.video.weibocdn.com/o0/Sn6dY9xNlx08eQuOExzi010412006aTR0E010.mp4?label=mp4_720p&template=720x1280.24.0&ori=0&ps=1BVp4ysnknHVZu&Expires=1749375872&ssig=XnVw5%2BqOib&KID=unistore,video",64,264,1207,2025-06-08 16:44:48.504
比亚迪漏电,https://s.weibo.com/weibo?q=%E6%AF%94%E4%BA%9A%E8%BF%AA%E6%BC%8F%E7%94%B5,前**,2024年05月14日 10:35,https://weibo.com/3626485974/Oedo2Eey2?refer_flag=1001030103_,比亚迪新能源车漏电致车主脑溢血？江西新余4S店回应：正在处理中！电击会导致脑溢血么？我怎么感觉这个医学知识以前没有看到过。不过要是高压漏电还是很吓人的。 ?,http://wx1.sinaimg.cn/orj360/d827c8d6ly1hpotjwhyohj20y427q1ai.jpg,,38,272,953,2025-06-08 16:44:48.571
比亚迪漏电,https://s.weibo.com/weibo?q=%E6%AF%94%E4%BA%9A%E8%BF%AA%E6%BC%8F%E7%94%B5,i**,2024年05月13日 14:36,https://weibo.com/5532394371/Oe5xkB00f?refer_flag=1001030103_,视频里面，说司机买了比亚迪跑滴滴，结果车子漏电。在座位上被电得脑溢血？但是触电引起的脑出血和普通脑出血在症状上应该都不一样吧。而且车辆是否漏电，这个应该很好查的啊，没有那么离奇的只针对某个人漏电吧。关键被电要有回路啊，鞋子一般是绝缘体，双手一直在扯安全带，安全带也是绝缘的，身体接触的座椅也是绝缘的，即便是座椅的电机，也是电瓶供电的超低压电，哪里来的触电回路可以电到驾驶员啊？期待后面的调查吧。#汽场全开# LWill车聊的微博视频 收起d,http://wx1.sinaimg.cn/orj480/0062pmvhly1hpnvcn440lj30zk0k074y.jpg,"//f.video.weibocdn.com/o0/fCxL8sValx08eOXQ7FyE01041200gjnV0E010.mp4?label=mp4_720p&template=1280x720.25.0&ori=0&ps=1BVp4ysnknHVZu&Expires=1749375872&ssig=QsQoTNq9Fd&KID=unistore,video",42,245,717,2025-06-08 16:44:49.162
比亚迪漏电,https://s.weibo.com/weibo?q=%E6%AF%94%E4%BA%9A%E8%BF%AA%E6%BC%8F%E7%94%B5,马**,2024年05月14日 14:50,https://weibo.com/2036161077/Oef3KbB83?refer_flag=1001030103_,"#比亚迪回应漏电传言# ：“初步排除车辆漏电导致车主病发，不排除车主突发脑溢血导致手脚麻木，误以为触电的可能。愿意积极配合相关部门进行鉴定和调查。”

图二 医生说的可能是真相“脑出血瞬间有电击感”。

图三 汽修公司：“电车电到人，比中一个亿都难”。

可是，即使这样，比亚迪新能源车还是被媒体和自媒体团建上了热搜…

没办法，谁让你是全球电车汽车第一？谁让中国是新能源车发展第一？

欲戴皇冠，必承其重，我理解家属“病急乱投医”，但黑子是挡不住的。

#女儿称比亚迪中控漏电致父亲脑溢血# 收起d",http://wx3.sinaimg.cn/orj480/795d5a35gy1hpp1ovgkhjj20u01hbacp.jpg,"//f.video.weibocdn.com/o0/mvElakzhlx08eQzrfE8g010412002jKN0E010.mp4?label=mp4_720p&template=720x1280.24.0&ori=0&ps=1BVp4ysnknHVZu&Expires=1749375872&ssig=53SxmaP6Q2&KID=unistore,video",15,151,363,2025-06-08 16:44:49.781
比亚迪漏电,https://s.weibo.com/weibo?q=%E6%AF%94%E4%BA%9A%E8%BF%AA%E6%BC%8F%E7%94%B5,管**,2024年05月15日 12:32,https://weibo.com/1228155440/OenA38d4J?refer_flag=1001030103_,【比亚迪新能源车电人案车主应如何处理】比亚迪新能源车漏电，将车主电进ICU，至今也尚无结果。对此，建议车主放弃将比亚迪作为诉讼目标，直接起诉经销商。 L管学军的微博视频 ?,http://wx1.sinaimg.cn/orj480/49342a30ly1hpq39ezi6rj20u01hcmyq.jpg,"//f.video.weibocdn.com/o0/xRoCvdxjlx08eS175ho4010412012qbX0E010.mp4?label=mp4_720p&template=720x1280.24.0&ori=0&ps=1BVp4ysnknHVZu&Expires=1749375872&ssig=891liGVTT9&KID=unistore,video",8,71,128,2025-06-08 16:44:49.871
比亚迪漏电,https://s.weibo.com/weibo?q=%E6%AF%94%E4%BA%9A%E8%BF%AA%E6%BC%8F%E7%94%B5,熊**,2024年05月15日 14:15,https://weibo.com/2554757470/Oeog0opmP?refer_flag=1001030103_,比亚迪“漏电”这个事情有的搞了比亚迪官方表示不存在漏电导致车主病发医院的疾病证明说上却有电击伤的证明吃瓜吃瓜看看是车企权威，还是医院权威 ?,"http://wx3.sinaimg.cn/thumb150/9846815ely1hpq69c2gq5j20qo11on60.jpg
http://wx1.sinaimg.cn/thumb150/9846815ely1hpq69ct3stj20x91bbq7l.jpg
http://wx4.sinaimg.cn/thumb150/9846815ely1hpq69da9c1j20u00ixq6i.jpg",,25,223,530,2025-06-08 16:44:49.954
比亚迪漏电,https://s.weibo.com/weibo?q=%E6%AF%94%E4%BA%9A%E8%BF%AA%E6%BC%8F%E7%94%B5,长**,2024年05月19日 15:39,https://weibo.com/5678690954/Of0vRsJf5?refer_flag=1001030103_,比亚迪汉dmi好像漏电了，被电了好几下！车主爆料（真假难辨）……刚开始怀疑是静电，但是手放上去一直噼里啪啦的有电击感觉，当时车上也没电笔就录了几个视频，放大声音就可以听到明显的点击声音行驶了30多分钟到家里地下车库后，电击感已经没有了，这时上楼拿了电笔下来测试，显示有电兄弟们，这种情况正常么，电击的时候还挺疼的。前几天刚看到有个大叔被电了，怕怕的，不敢开了！#热门话题创作激励计划##随手拍# L长安万里行的微博视频 收起d,http://wx2.sinaimg.cn/orj480/006cjcVAly1hpuv6rehisj30u01hcwjt.jpg,"//f.video.weibocdn.com/o0/FACbstIglx08eYBqLR0A01041200pBIW0E010.mp4?label=mp4_720p&template=720x1280.24.0&ori=0&ps=1BVp4ysnknHVZu&Expires=1749375872&ssig=TroICqNWTF&KID=unistore,video",18,101,298,2025-06-08 16:44:50.555
比亚迪漏电,https://s.weibo.com/weibo?q=%E6%AF%94%E4%BA%9A%E8%BF%AA%E6%BC%8F%E7%94%B5,空**,2024年05月14日 14:01,https://weibo.com/2001530981/OeeJE59Gm?refer_flag=1001030103_,比亚迪车主手脚麻木，状告比亚迪车辆漏电，导致车主进了ICU。比亚迪做出官方回应。 ?,"http://wx4.sinaimg.cn/orj360/002bsdDLgy1hpp08omuxrj60sn0p04hr02.jpg
http://wx1.sinaimg.cn/orj360/002bsdDLgy1hpp08pxcupj60u01pzqaq02.jpg",,4,58,190,2025-06-08 16:44:50.640
比亚迪漏电,https://s.weibo.com/weibo?q=%E6%AF%94%E4%BA%9A%E8%BF%AA%E6%BC%8F%E7%94%B5,凌**,2024年05月14日 17:41,https://weibo.com/2056277053/Oegb1nqsu?refer_flag=1001030103_,#比亚迪回应漏电传言# 车主家属还是走法律程序吧！外面举牌子搞不好要被抓起来的。 ?,"http://wx3.sinaimg.cn/thumb150/7a904c3dgy1hpp6laul7zj20tw13kgpa.jpg
http://wx1.sinaimg.cn/thumb150/7a904c3dgy1hpp6lb99jsj20mv0t2whi.jpg",,13,64,413,2025-06-08 16:44:50.714
比亚迪漏电,https://s.weibo.com/weibo?q=%E6%AF%94%E4%BA%9A%E8%BF%AA%E6%BC%8F%E7%94%B5,紧**,2024年05月14日 19:19,https://weibo.com/1951123110/OegOJbvx3?refer_flag=1001030103_,【#女子称汽车漏电击伤父亲出具医院证明#】#比亚迪初步排除车辆漏电致车主病发# 近日，江西新余居民反映比亚迪秦PLUS EV漏电，导致其父亲被电击伤。5月14日，伤者女儿邓女士称，父亲仍在医院治疗。邓女士提供的医院疾病证明书显示父亲“脑干出血；吸入性肺炎；电击伤；低钾血症；高血压病3级”。比亚迪方面回应称，初步排除车辆漏电导致车主病发，不排除车主突发脑溢血导致手脚麻木，误以为触电的可能。比亚迪方面表示，愿意积极配合相关部门进行鉴定和调查。（记者：傅应林 运营：李卿 制作：李霞玲） L紧急呼叫的微博视频 收起d,http://wx3.sinaimg.cn/orj480/744bc6a6ly8hpp9fe6f3mj21hc0u0mzp.jpg,"//f.video.weibocdn.com/o0/gtiezVkmlx08eQSaxnO001041200jriu0E010.mp4?label=mp4_720p&template=1280x720.25.0&ori=0&ps=1BVp4ysnknHVZu&Expires=1749375872&ssig=u7Y4VsKsA5&KID=unistore,video",19,51,177,2025-06-08 16:44:51.322
比亚迪漏电,https://s.weibo.com/weibo?q=%E6%AF%94%E4%BA%9A%E8%BF%AA%E6%BC%8F%E7%94%B5,织**,2024年05月14日 21:24,https://weibo.com/6720489566/OehDteoz1?refer_flag=1001030103_,网络上流传一段“比亚迪新能源车漏电致车主脑溢血”的视频，我感觉有点不大可能，有没有懂的人分析一下？ ?,,,9,40,178,2025-06-08 16:44:51.426
比亚迪漏电,https://s.weibo.com/weibo?q=%E6%AF%94%E4%BA%9A%E8%BF%AA%E6%BC%8F%E7%94%B5,如**,今天09:16,https://weibo.com/1851437634/Pvy5pC8TM?refer_flag=1001030103_,#比亚迪##比亚迪漏电##比亚迪新能源车漏电致车主脑溢血##电动车漏电#比亚迪超话 L如琢哥哥的微博视频 ?,http://wx4.sinaimg.cn/orj480/6e5ab242ly1i27nogkv1pj20u01hc76d.jpg,"//f.video.weibocdn.com/o0/XWYrBzlXlx08oSg86ebm01041200sfDT0E010.mp4?label=mp4_720p&template=720x1280.24.0&ori=0&ps=1BVp4ysnknHVZu&Expires=1749375872&ssig=nsaCnvYTnA&KID=unistore,video",0,2,1,2025-06-08 16:44:51.517
比亚迪漏电,https://s.weibo.com/weibo?q=%E6%AF%94%E4%BA%9A%E8%BF%AA%E6%BC%8F%E7%94%B5,赣**,06月04日 08:43,https://weibo.com/1084157247/PuWa3EChc?refer_flag=1001030103_,粤赣越仪采，任重而道远。恒温恒湿试验箱、冷热冲击试验箱、紫外线加速耐候试验箱、淋雨试验箱、沙尘试验箱、氙灯老化试验箱、耐黄变试验箱、PCT高温高压蒸煮仪、盐雾试验箱、烤箱、拉力试验机、全自动插拔力试验机、全自动扭力试验机、高加速冲击试验机、电磁振动试验机、纸箱抗压试验机、纸板边压环压试验机、全自动耐破试验机、模拟运输振动台、跌落试验机、酒精耐磨试验机、纸带耐磨试验机、按键寿命试验机、线材摇摆试验机、漏电起痕试验机，垂直水平燃烧试验机，灼热丝引燃试验机，针炎试验机，胶带保持力试验机、融熔指数测定仪、水分测试仪、色差仪、光泽度仪、硬度计、影像测量仪、CCD光像视觉筛选机、三坐标测量机等出口俄罗斯、墨西哥、美国、德国、法国、越南、马来西亚、泰国、印尼、埃塞俄比亚等。广东科鑫仪器、赣州淇竣电子、越南科鑫科技、四川科鑫仪器、贵州科鑫仪器专注环境试验、光学、力学、理化、质检等仪器的研发、智造、销售，科鑫仪器、淇竣电子荣誉供应世界500强企业：华为、美的、TCL、三星、格力、富士康、丰田、福特、雷诺、比亚迪、大众、联想、惠普等，科鑫仪器、淇竣电子广泛应用于电子、LED、光伏组件、新能源、五金、电器、家具、玩具、通信、化工、军工、航空、科研、大学院校等领域中。欢迎您们来公司参观指导13712557088官网：www.kxchina.net品牌商城：O网页链接 L赣州市淇竣电子有限公司的微博视频 收起d,http://wx1.sinaimg.cn/orj480/409eed3fgy1i2309tax22j20u01hcq8m.jpg,,0,0,0,2025-06-08 16:44:52.117
比亚迪漏电,https://s.weibo.com/weibo?q=%E6%AF%94%E4%BA%9A%E8%BF%AA%E6%BC%8F%E7%94%B5,-**,05月22日 14:20,https://weibo.com/2338966944/PsZOlsW8n?refer_flag=1001030103_,飞利浦（philips） 长线插排6米 10米20米插线板漏电保护插座电动汽车充电延长线插板拖线板防触电插排带线总控8位 （2180） 线长10米（升级1.5平线芯 ?,http://wx2.sinaimg.cn/orj360/8b69cda0ly8i1o8ycgtifj20i20ogq6i.jpg,,0,0,0,2025-06-08 16:44:52.190
比亚迪漏电,https://s.weibo.com/weibo?q=%E6%AF%94%E4%BA%9A%E8%BF%AA%E6%BC%8F%E7%94%B5,聚**,05月05日 08:47,https://weibo.com/1898015627/PqnmU97r8?refer_flag=1001030103_,"#生活手记#沈阳铁西亚美利加小区安全困局：政府职责缺失 居民安全保障成空谈

近日，沈阳市铁西区亚美利加小区高空飞线充电问题持续发酵，居民安全诉求在长达多日的反映后仍未得到有效解决。深入调查发现，这一困局背后暴露出铁西区政府及笃工街道办事处的严重职责缺失，基层治理体系在安全监管上的漏洞令人触目惊心。
安全隐患高悬 居民忧心忡忡

市民举报亚美利加小区，从高层住户垂下的电线充电动车。居民李女士心有余悸地说：“这些电线就像悬在头顶的‘定时炸弹’从晴天到下雨天，我们心理很害怕，生怕漏电引发火灾。”据统计，小区该用户已经多次在高空甩线充电。物业和社区始终拿不出解决方案。

当前，消防部门数据显示，多年以来因电动自行车充电引发的火灾事故同比上升 ，在如此严峻的消防安全形势下，亚美利加小区的飞线充电问题已然成为危及居民生命财产安全的重大隐患，而相关政府部门却对此视而不见。
投诉遭遇敷衍 责任落实成空文

面对长期存在的安全隐患，居民们通过12345沈阳政务服务平台进行投诉，这本应是问题解决的起点，却成为暴露政府部门失职的“放大镜”。铁西区笃工街道办事处下辖的北二中路社区给出的回复令人瞠目结舌――将亚美利加小区误写成富云新都小区，整个回复内容充斥着“已督促物业加强管理”等空泛表述，没有任何具体整改措施和时间节点。

居民张先生气愤地表示：“社区连最基本的小区名字都搞不清楚，这不是敷衍了事是什么？我们要的是切实可行的解决方案，而不是这样应付式的回复。”笔者致电北二中路社区，工作人员仅以简单解释笔误问题，对于居民关注的整改方案、巡查计划等实质性内容，始终避重就轻，不愿正面回应。

这一现象背后，反映出基层社区工作人员严重的工作态度问题和业务能力缺失。作为政府与居民沟通的“最后一公里”，社区本应认真对待每一个群众诉求，详细了解情况并推动问题解决。然而，北二中路社区却将群众安全诉求当作“走过场”，这种不负责任的态度，直接损害了政府在群众心中的公信力。
政府部门职责缺位 监管体系形同虚设

在亚美利加小区飞线充电问题的处理过程中，铁西区政府及笃工街道办事处暴露出明显的职责缺失。根据相关规定，地方政府负有统筹辖区内安全生产工作的职责，街道办事处则承担着对辖区内住宅小区安全隐患排查、督促整改的具体责任。然而，在此次事件中，从铁西区政府到街道办事处，均未有效履行自身职责。

铁西区政府作为地方管理的核心部门，未能建立起有效的安全隐患排查和监管机制。面对群众多次反映的飞线充电问题，既没有组织专项整治行动，也没有对相关责任部门进行督促和指导，在宏观层面上放任安全隐患长期存在，体现出对辖区居民安全的漠视。

笃工街道办事处作为直接管理部门，不仅没有对社区工作进行有效监督和指导，自身也未主动介入问题解决。在社区回复出现明显错误、整改措施落实不到位的情况下，街道办事处始终保持沉默，既未对社区工作失误进行纠正，也未对物业履职情况进行监督检查，导致整个安全隐患治理陷入“无人问津”的尴尬境地。这种“层层失守”的监管现状，使得本应严密的安全保障体系如同虚设。
破局之路：强化政府责任 重构治理体系

专家指出，要破解亚美利加小区的安全困局，关键在于强化铁西区政府及笃工街道办事处的责任意识。铁西区政府应当立即启动问责机制，对在此次事件中存在失职行为的相关部门和责任人进行严肃处理，以儆效尤。同时，要建立健全安全隐患排查治理长效机制，组织多部门联合行动，对全区类似安全隐患开展专项整治。

笃工街道办事处需深刻反思自身在管理中的缺位问题，加强对社区工作的指导和监督，明确各部门、各岗位的安全管理职责，形成层层抓落实的工作格局。此外，还应积极协调各方资源，推动小区充电桩等基础设施建设，从根源上解决居民充电难题。@铁西发布 #生活碎片##身边事##沈阳##沈阳60多位比亚迪车主新车不能上牌# 2沈阳・亚美利加 收起d","http://wx2.sinaimg.cn/orj360/71216b8bly1i14bs1y4n1j20zk0qojv6.jpg
http://wx1.sinaimg.cn/orj360/71216b8bly1i14bs1kisgj20p00xc7b8.jpg
http://wx1.sinaimg.cn/orj360/71216b8bly1i14bs2785qj20m80tnwl9.jpg
http://wx2.sinaimg.cn/orj360/71216b8bly1i14bs5c200j235s2dckjo.jpg
http://wx2.sinaimg.cn/orj360/71216b8bly1i14bs8k9h4j22eo37kkjn.jpg",,0,0,1,2025-06-08 16:44:52.770
比亚迪漏电,https://s.weibo.com/weibo?q=%E6%AF%94%E4%BA%9A%E8%BF%AA%E6%BC%8F%E7%94%B5,a**,04月18日 10:52,https://weibo.com/6100185546/PnNV2BNGl?refer_flag=1001030103_,比亚迪汽车售后服务能力水平有待提升       一个小小的漏电耗损问题检查两天，别说电车多么智能，多么的好，至少4s店售后服务之检查设备技术手段是十分滞后的。检查出后门锁片是漏电的原因需更换，车主答应所有工时费和材料费，然而，4s店售后说购材料七天才能到货，算下来检查购材料再按装共需要10天的时间，这么点故障要折腾这么长时间，你们考虑过车主的往返误工和用车不便造成的情绪困扰和损失吗？请不要吹多强多狠多么的高科技，提高售后基础服务是产品赢得市场好评的要素之一。      当前物流业高效便捷迅速的大背景下，比亚迪些小材料供给竟如此拖搪，其效率让人莫名，这与其国际大牌很不相称 收起d,,,0,0,1,2025-06-08 16:44:53.357
比亚迪漏电,https://s.weibo.com/weibo?q=%E6%AF%94%E4%BA%9A%E8%BF%AA%E6%BC%8F%E7%94%B5,潼**,04月16日 17:51,https://weibo.com/2910537672/PnxOc1bsu?refer_flag=1001030103_,"#电动时代的驾趣控场王来了#从生命安全视角看电动汽车电池新国标：构筑出行安全防线

将于2026年7月施行的《电动汽车用动力蓄电池安全要求》（GB38031-2025），以严苛的技术标准直指动力电池安全痛点，从热失控防护、物理冲击防御到长期使用稳定性，构建起覆盖全生命周期的安全屏障，为驾乘人员生命安全提供系统性保障。

热失控防护从“逃生窗口”到“零容忍”。新国标将热失控后的安全要求从“5分钟内不起火、不爆炸”升级为“不起火、不爆炸”，同时规定烟气毒性不得威胁乘员生命。这一调整彻底消除热失控后二次灾害风险，为乘员争取更多逃生时间。例如，旧标准仅要求报警系统启动后5分钟内车辆不起火，而新标准通过电芯材料升级（如固态电解质）和隔热结构优化（如气凝胶阻隔层），实现热扩散的完全抑制，从根源上避免电池自燃引发的致命事故。

物理防护可抵御极端场景冲击。新增的?底部撞击测试?（30mm钢球以150J能量冲击3次），针对电动车底盘托底、路面异物撞击等高危场景，要求撞击后电池无电解液泄漏、外壳无结构性破裂?。据事故统计，电动车底部撞击导致电池包破损的事故占比达23%?，新测试填补了这一防护空白，显著降低碰撞后电解液泄漏引发火灾或化学灼伤的风险。

破解快充安全隐患，防止电池过早老化。新国标强制要求300次快充循环后通过外部短路测试，直击快充技术普及带来的锂枝晶生长隐患。研究显示，频繁快充会导致电池内短路概率提升2.7倍，新规通过验证电池长期使用稳定性，避免因电池老化突然引发的热失控，降低车辆使用中后期的事故率。这对日均使用快充的网约车、出租车等高频使用场景尤为重要。

重视电气安全构建双重保护机制。新规新增交流电路绝缘电阻检测要求，完善漏电防护体系?。例如，当电池外壳因撞击破损时，绝缘电阻需维持≥100Ω/V标准，防止高压电泄漏导致乘员触电?。同时，挤压测试新增绝缘电阻判定条件，确保电池变形时仍能维持电气安全，形成机械防护与电气防护的双重保险。

倒逼行业安全技术加速迭代。新国标倒逼企业突破技术瓶颈，推动本征安全技术普及。例如，比亚迪CTB电池车身一体化技术通过结构性强化抵御撞击，宁德时代高镍三元电池搭配纳米级隔热材料实现热失控主动抑制。预计符合新规的车型自燃事故率将下降60%以上?，从根本上提升公众对电动车的安全信任。

电动汽车电池新国标以生命安全为核心逻辑重构电池安全标准，通过技术强制力将安全阈值从“被动报警”提升至“主动防御”。这一变革不仅将挽救无数潜在事故中的生命，更推动新能源汽车从“政策驱动”向“安全驱动”跨越，为全球电动车安全标准树立新标杆。（王鹏） 收起d",http://wx3.sinaimg.cn/orj360/ad7b47c8gy1i0isqau2sdj20cu0c7aau.jpg,,7,4,21,2025-06-08 16:44:53.938
比亚迪漏电,https://s.weibo.com/weibo?q=%E6%AF%94%E4%BA%9A%E8%BF%AA%E6%BC%8F%E7%94%B5,梁**,04月06日 12:36,https://weibo.com/3766814100/PlZto7OMS?refer_flag=1001030103_,昨天随手问了微博智搜一个问题："买二手家电要注意哪些坑？"，结果它直接把质量隐患、交易套路甚至化学污染等健康问题都列出来了，说真的，这信息整合能力比我自己去一个个查快的多。#微博跨域计划##AI兴趣创作计划# 我们做博主的，最头疼找实时数据？ 前两天想吐槽新能源汽车续航虚标，用微博智搜非常快的就调出今年各品牌实测对比图，连消保委报告都扒出来了.……这找资料速度比我切换十个网页都快！我现在连活动拍照都交给它！酒店周边停车攻略→当季流行色趋势→连小众设计师品牌档案都有！最绝的是根据我衣柜里单品生成的搭配建议，成功混入时尚圈（bushi）最近发了很多跨域内容，涉及到专业的问题我真心觉得可以直接找微博智搜，能生成长图，一键分享微博，太方便。你们都问过什么奇葩问题吗？附个搜索截图给你们感受下↓ 收起d,"http://wx3.sinaimg.cn/thumb150/e0850594gy1i06zfxxo9wj20yw7qqb29.jpg
http://wx1.sinaimg.cn/thumb150/e0850594gy1i06zfyzzqsj20ywa8dhdt.jpg",,156,276,344,2025-06-08 16:44:54.517
比亚迪漏电,https://s.weibo.com/weibo?q=%E6%AF%94%E4%BA%9A%E8%BF%AA%E6%BC%8F%E7%94%B5,道**,03月15日 17:44,https://weibo.com/1916496093/PiG5rkDkP?refer_flag=1001030103_,回复@通信工程搬砖侠:厂商对其产品质量问题、事故的封控能力，3yc说第二，没人敢说第一。#比亚迪高速起火司机遇难# #比亚迪新能源车漏电致车主脑溢血# #//@通信工程搬砖侠:全损+保密协议，开两年赚一笔还能换新比亚迪汉,,,0,0,3,2025-06-08 16:44:54.579
比亚迪漏电,https://s.weibo.com/weibo?q=%E6%AF%94%E4%BA%9A%E8%BF%AA%E6%BC%8F%E7%94%B5,八**,02月28日 18:38,https://weibo.com/6488526746/Pgp1VyJMp?refer_flag=1001030103_,腾势APP里有个腾势精诚管家服务，如果车辆有小问题，可以直接咨询。我在充电的时候发现N7左边充电口发现有烧蚀迹象，并不能确定严重性，所以立马拿出手机在群里咨询，虽然是下班时间，但还是很快就有人响应并给出建议，这响应速度和服务值得点赞。如果情况紧急，还可以直接打售后电话尽兴咨询，为车主考虑的很周到。#腾势精诚服务##腾势精诚服务管家# 收起d,"http://wx3.sinaimg.cn/thumb150/00757cdcgy1hz0hvinmszj30z022dk0s.jpg
http://wx1.sinaimg.cn/thumb150/00757cdcgy1hz0hvj7r7nj30z01trdot.jpg
http://wx4.sinaimg.cn/thumb150/00757cdcgy1hz0hvjnyvhj30z022haef.jpg",,0,42,129,2025-06-08 16:44:55.160
比亚迪漏电,https://s.weibo.com/weibo?q=%E6%AF%94%E4%BA%9A%E8%BF%AA%E6%BC%8F%E7%94%B5,那**,02月20日 07:51,https://weibo.com/1039987093/Pf7ntezk0?refer_flag=1001030103_,比亚迪坏了  预约一晚上没充进电 不知道啥原因  反复测试没反应 第一反应是不是在升级最近 第二反应 充电这块坏了 再怀疑充电桩坏了  用随车充可以充电 我怀疑充电桩问题 也不好说 周末检修  要知道我的两轮电动车也是昨天坏的  换了个新的保险开关 怪了 咋回事 上次老唐充电也说有漏电风险  新宋没有提示 收起d,"http://wx2.sinaimg.cn/thumb150/3dfcf195gy1hyqq8hggq0j20u01tztdc.jpg
http://wx4.sinaimg.cn/thumb150/3dfcf195gy1hyqq8i2tt3j20u01txn78.jpg",,0,1,1,2025-06-08 16:44:55.742
比亚迪电池爆炸,https://s.weibo.com/weibo?q=%E6%AF%94%E4%BA%9A%E8%BF%AA%E7%94%B5%E6%B1%A0%E7%88%86%E7%82%B8,交**,04月15日 16:29,https://weibo.com/1653076903/PnnQglT42?refer_flag=1001030103_,史上最严电池新国标发布，不起火、不爆炸！ 2026年7月1日开始实施。#比亚迪海外口碑崛起# L交通安全蜀黍的微博视频 ?,http://wx1.sinaimg.cn/orj480/6287f3a7gy1i0hkqo67tvj20u01hcq5h.jpg,"//f.video.weibocdn.com/o0/wVHqvfO7lx08nuBKRoWQ010412003EyG0E010.mp4?label=mp4_720p&template=720x1280.24.0&ori=0&ps=1BVp4ysnknHVZu&Expires=1749375906&ssig=3XsgJsgbmI&KID=unistore,video",89,81,465,2025-06-08 16:45:21.343
比亚迪电池爆炸,https://s.weibo.com/weibo?q=%E6%AF%94%E4%BA%9A%E8%BF%AA%E7%94%B5%E6%B1%A0%E7%88%86%E7%82%B8,白**,05月28日 16:12,https://weibo.com/1882544301/PtV6Wy4fT?refer_flag=1001030103_,【不爆炸不起火的新国标刀片电池，比亚迪提前交卷！】从2020年针刺实验开始，在大众的认知里，刀片电池基本就是安全的代名词了。所以，看到比亚迪发布刀片电池和闪充刀片电池双双提前通过电池新国标时，内心毫无波澜，它不过谁过。比亚迪提前交上满分答卷。#比亚迪# #汽场全开# L白菜研究所Jarvis的微博视频 ??? 收起d,http://wx4.sinaimg.cn/orj480/703558adly1i1v9v2jpuhj21z414011m.jpg,"//f.video.weibocdn.com/o0/TWovMgMClx08oBaVgGc8010412012EJG0E010.mp4?label=mp4_720p&template=1280x720.25.0&ori=0&ps=1BVp4ysnknHVZu&Expires=1749375906&ssig=VOVjBgm6ac&KID=unistore,video",8,29,349,2025-06-08 16:45:21.931
比亚迪电池爆炸,https://s.weibo.com/weibo?q=%E6%AF%94%E4%BA%9A%E8%BF%AA%E7%94%B5%E6%B1%A0%E7%88%86%E7%82%B8,水**,05月27日 12:08,https://weibo.com/3246612795/PtK5q1vFq?refer_flag=1001030103_,根据工信部发布的GB 38031-2025标准，2026年7月起所有电动汽车电池必须满足"不起火、不爆炸"的强制要求。新标准新增底部撞击测试（30毫米钢球150焦耳能量撞击3次）、快充循环后安全测试（300次快充后通过短路测试）等"地狱级"项目，直接将行业安全门槛提升至国际领先水平。比亚迪的刀片电池和闪充刀片电池都通过了国家最新的电池安全检测标准，拿到了权威认证。#比亚迪# 收起d,"http://wx2.sinaimg.cn/thumb150/c183613bgy1i1tx3o36qnj20zk1eawls.jpg
http://wx2.sinaimg.cn/thumb150/c183613bgy1i1tx3pw43yj20zk1eb7cw.jpg",,13,41,66,2025-06-08 16:45:22.520
比亚迪电池爆炸,https://s.weibo.com/weibo?q=%E6%AF%94%E4%BA%9A%E8%BF%AA%E7%94%B5%E6%B1%A0%E7%88%86%E7%82%B8,吃**,03月18日 13:52,https://weibo.com/7787930813/Pj6QA5DXs?refer_flag=1001030103_,这个技术的难点不是储能，废旧电池变储能电池很简单，都不用拆电池包，直接开发一个设备对接电池包的接口，按照电池包规格进行管理，然后组成一个大型的储能柜就行，早就在大面积做了难点在储能电池能高强度对汽车电池充电也就是让电车电池能承受1mw的高强度充电功率比亚迪攻克了这个技术难题，在电池技术没有突破的当下，比亚迪想办法外面裹一层东西改装现有电池，实现快充强充而不会电池爆炸所以有了量变导致质变弊端就是电池的寿命肯定会缩减的，还有车内空间进一步减少但围绕电网波峰波谷、储能电池群、超充站电车的一整套逻辑模式都走通了，这个成就是巨大的在现有电池技术和储能技术都没有重大突破的当下，比亚迪玩的就是一手另辟巧径 收起d,"http://wx3.sinaimg.cn/thumb150/008v3mzjgy1hzl2od9rctj30sl10yk49.jpg
http://wx2.sinaimg.cn/thumb150/008v3mzjgy1hzl2w6sds6j309n0cfq41.jpg",,7,29,151,2025-06-08 16:45:23.135
比亚迪电池爆炸,https://s.weibo.com/weibo?q=%E6%AF%94%E4%BA%9A%E8%BF%AA%E7%94%B5%E6%B1%A0%E7%88%86%E7%82%B8,智**,04月16日 20:16,https://weibo.com/1044173452/PnyKSoDkz?refer_flag=1001030103_,工信部新的强制性国家标准《电动汽车用动力蓄电池安全要求》（GB 38031-2025），明确技术要求：电动车电池不起火、不爆炸，烟气不得对乘员造成伤害。旧标准（GB 38031-2020）的技术要求：着火、爆炸前5分钟提供热事件报警信号，即可。原来车企口嗨：自己的车不起火、不爆燃。现在，变成国家强制标准了。看了下新国标的起草单位，前五位是：宁德时代 、中汽研 、国轩高科、比亚迪、工信部装备中心 。这意味着，头部企业已经有办法解决动力电池的最大“短板”问题了。 收起d,http://wx1.sinaimg.cn/orj360/3e3cd28cgy1i0iwwj5qp7j20u01ikdto.jpg,,10,6,20,2025-06-08 16:45:23.728
比亚迪电池爆炸,https://s.weibo.com/weibo?q=%E6%AF%94%E4%BA%9A%E8%BF%AA%E7%94%B5%E6%B1%A0%E7%88%86%E7%82%B8,互**,2024年06月28日 17:03,https://weibo.com/5890050856/Ol69YulUd?refer_flag=1001030103_,吉利刚发布的“刀片式磷酸铁锂电池”，这和比亚迪的有什么区别？今天是吉利的“刀片式”电池发布会，但是好像没什么关注度呐。看了一下，这个“神盾短刀电池”，吹的是超安全、超快充、超耐用，电芯不冒烟，不起火，不爆炸。电池能量密度为192Wh/kg…17分钟可以从10%充至80%，吉利银河E5上率先搭载……也不搞个对比，不知道这个“刀片式电池”和比亚迪的刀片电池有什么区别… 收起d,http://wx3.sinaimg.cn/orj360/006qC3iggy1hr56ej6iwwj30m70l2myg.jpg,,0,9,15,2025-06-08 16:45:24.329
比亚迪电池爆炸,https://s.weibo.com/weibo?q=%E6%AF%94%E4%BA%9A%E8%BF%AA%E7%94%B5%E6%B1%A0%E7%88%86%E7%82%B8,不**,04月02日 12:08,https://weibo.com/1102221854/PlnzYtpfs?refer_flag=1001030103_,新国标38031对于从20%SOC至80%SOC充电不超过15min的电池单体，重复300次快充循环后进行外部短路试验，应不起火、不爆炸。还有人质疑不用快充跑循环的吗？在透漏一个，看看开发人员怎么说的。#比亚迪闪充电池充电功率1兆瓦# ?,http://wx4.sinaimg.cn/orj360/41b2921egy1i02c3uky8jj208b02odfn.jpg,,1,4,57,2025-06-08 16:45:24.401
比亚迪电池爆炸,https://s.weibo.com/weibo?q=%E6%AF%94%E4%BA%9A%E8%BF%AA%E7%94%B5%E6%B1%A0%E7%88%86%E7%82%B8,不**,2024年12月22日 19:49,https://weibo.com/1102221854/P64qWuCZB?refer_flag=1001030103_,刀片电池由比亚迪于2020年3月发布磷酸铁锂电池，采用了类似于刀片结构的双端引出长条，因此叫刀片电池。这玩意一举改变了当时磷酸铁锂差点被政策淘汰掉的局面，使得后面大批厂家跟进，技术突飞猛进，如今电芯能量密度甚至能做到250，能比拼中镍三元。当时，刀片电池完成了要求极高的“针刺测试”，GB/T 31486-2015《电动汽车用动力蓄电池电性能要求及试验方法》要求钢针垂直穿刺单体电芯后，需停留在电芯中观察1小时，不起火、不爆炸才算通过测试，所以证明了刀片电池不存在自燃问题，安全性相比三元和卷绕铁锂提升很多。本来这是个非常有技术含量的东西，能获得国家科学技术二等奖就非常有含金量，但是不知道为什么，很多人将内阻大，鼓包等强行和刀片电池绑定起来，甚至用“刀骗电池”等字眼来讽刺该产品和开发人员。换别的厂商，早报警了！从最早的汉，再到如今的U7，无论是0百加速，还是最高极速，当时当刻，恰如此时此刻，都是领先的存在。比如天下第一的那块铁锂电池，区区80度电就能将U9推到近400公里每小时的速度。这正是刀片铁锂优秀的倍率性能所决定的，你看，其他厂商在领略到刀片铁锂的巨大潜力后，宣传物料中早已打出峰值倍率22C的字样。再就是刀片内阻，高电导率电解液参数不能秀一下吗？双端或者中部凹槽同侧引出不能讲一下吗？隔壁厂家老技术用新词语形容这个套路玩的起飞，什么过度金属元素掺杂，什么混合电芯，技术的不足都能通过形容词说成领先。我觉得刀片作为铁锂创新结构的领导者，就该跟消费者说明，哪怕是当下的一些革命性技术外人看来是炫技，虽然时间会证明，因为友商都跟进了，比如，刀片结构，扭矩矢量控制等等，我建议啊@在下郑羽 郑总你们有新的产品尤其是新电池，可以第一个快递给@痛快舒畅 ，运费到付就好了，让他测试一下，顺便跟网友解释一下，不解释不行，普通消费者没有太多时间来证明技术的优秀，否则他们只想要一块烧的更猛的三元。 收起d,,,45,72,458,2025-06-08 16:45:24.985
比亚迪电池爆炸,https://s.weibo.com/weibo?q=%E6%AF%94%E4%BA%9A%E8%BF%AA%E7%94%B5%E6%B1%A0%E7%88%86%E7%82%B8,嘉**,2024年11月24日 13:46,https://weibo.com/6400436688/P1M5TuxeN?refer_flag=1001030103_,万万没有想到，全球首款搭载固态电池的车居然是奇瑞风云“猎风”！估计比亚迪和宁德时代都被干懵了！?在本届的广州车展上，奇瑞汽车可谓是“大杀四方”！?其电解质采用了全固态硫化物材质，不会起火，更不会爆炸，并支持800V高压快充，搭配C-DM技术，在零下30度续航超1500km！3.3秒破百！?没想到奇瑞那么厉害，现在最关心的就是价格了，大家觉得多少钱能拿下一辆奇瑞风云“猎风”呢，30万不知道够不够。 收起d,"http://wx3.sinaimg.cn/thumb150/006Z9zXOgy1hvxa2cs961j30u00k2dh5.jpg
http://wx2.sinaimg.cn/thumb150/006Z9zXOgy1hvxa2efi2aj30u00n0tbh.jpg
http://wx2.sinaimg.cn/thumb150/006Z9zXOgy1hvxa2ewtlhj30u00jidh2.jpg",,3,4,342,2025-06-08 16:45:25.584
比亚迪电池爆炸,https://s.weibo.com/weibo?q=%E6%AF%94%E4%BA%9A%E8%BF%AA%E7%94%B5%E6%B1%A0%E7%88%86%E7%82%B8,长**,2024年07月27日 20:00,https://weibo.com/6881597902/OpwInmidh?refer_flag=1001030103_,都说三元锂电池比磷酸铁锂电池好，为什么比亚迪始终坚持使用磷酸铁锂电池呢？王传福说，必须要坚持走磷酸铁锂方向，主要原因有：1. 相比三元锂电池，磷酸铁锂电池更安全，不易发生热失控和爆炸等安全事故。2. 相比三元锂电池，磷酸铁锂电池没有卡脖子元素，因为三元锂电池正极中一种重要元素―钴，但是钴元素主要依赖进口，也就容易受到国外垄断的影响。而磷酸铁锂电池的所有原材料均可国产。3. 循环次数高。磷酸铁锂电池可以达到15000次充放电，但是三元锂电池一般支持的充放电次数在3000―5000次。4. 成本低。三元锂电池中钴元素因为依赖进口，成本高，也导致整个三元锂电池的成本比磷酸铁锂电池高的多。当然，三元锂电池最大的优势就是能量密度高，也就是同等的体积，可以存储更多的电。但是不得不说，新能源最大的两个问题，一个是续航，另一个是安全性。现在电动汽车的自燃真的非常可怕，因为电池的自燃速度非常快，基本在3s内就会爆燃，这对车内人员来说没有任何的反应时间。但是为什么还有那么多车企都选择三元锂电池呢？ 收起d,http://wx2.sinaimg.cn/orj360/007vItYygy1hs2uie1fpnj30ja0f6t9g.jpg,,11,18,253,2025-06-08 16:45:26.179
比亚迪电池爆炸,https://s.weibo.com/weibo?q=%E6%AF%94%E4%BA%9A%E8%BF%AA%E7%94%B5%E6%B1%A0%E7%88%86%E7%82%B8,2**,04月22日 17:14,https://weibo.com/1644027280/Pos89F5oS?refer_flag=1001030103_,《36 氪汽车》发了一篇专访文章，采访的是一位拥有约 10 年动力电池研发经验的专业人士。文章标题就叫《我做了十年电池，至今也没买电车》，这位专业人士表达了一些挺有意思的观点：- 我选车的话，我大概率会直接选磷酸铁锂的电池。因为这材料本身安全性就好，不管是哪个厂家做的磷酸铁锂电池，其实不会相差太多，至少在安全上不会相差那么大。- 个人家用的话，如果不是高频使用，其实没必要买快充，2C 就可以了。一个是没必要为了快充付出更高的溢价，另一个快充也会损失掉一些电池寿命。- 其实电池圈有一种现象，就是每家人买车，大多不买自己家电池的车。因为现在这种大环境，都要求降低成本，你在自己家的企业，能看到干了一些降本的事情，这些事情可能会影响电池在车上的使用情况。你没看到别人家也这么做，你就买别人家的。但实际上别人家也可能干了，只是你没看见，你觉得他没干。- 我自己是不太愿意考虑流量大的车型的，虽然它们座舱比较优秀，智驾号称也比较好，但是造车的时间太短了。我肯定买出货量大，造车沉淀多的车。- 同事们开油车多，我们就是做电池的，有时候顾虑还是比较多。- 电池测试都是在低速的情况下，我们日常开车，高速的时候还是要谨慎，事故磕碰都可能发生冒烟或者着火现象。不是说有新国标了，就肯定不起火了。#42how##新能源汽车# 收起d,"http://wx3.sinaimg.cn/orj360/61fddd90gy1i0pp8jghg4j20l3102wps.jpg
http://wx1.sinaimg.cn/orj360/61fddd90gy1i0ppa3nadcj20kc0zq48r.jpg
http://wx1.sinaimg.cn/orj360/61fddd90gy1i0ppc7z77yj20l80w3woi.jpg
http://wx3.sinaimg.cn/orj360/61fddd90gy1i0ppd39pnyj20kd0y4dpn.jpg
http://wx2.sinaimg.cn/orj360/61fddd90gy1i0ppdahn59j20jk0pijzj.jpg",,7,14,56,2025-06-08 16:45:26.770
